cell_id,cell_shortage_flag,cell_shortage_reason,resolution,review_cycle_id
KR_AI_ROBOTICS,1,INSUFFICIENT_ELIGIBLE_COUNT,SAME_THEME_CROSS_REGION->US_AI_ROBOTICS,RC-2013-06-30
US_AI_ROBOTICS,0,,,RC-2013-06-30
KR_ENERGY_POWER,1,INSUFFICIENT_ELIGIBLE_COUNT,SAME_THEME_CROSS_REGION->US_ENERGY_POWER,RC-2013-06-30
US_ENERGY_POWER,0,,,RC-2013-06-30
KR_SPACE_DEFENSE,0,,,RC-2013-06-30
US_SPACE_DEFENSE,0,,,RC-2013-06-30
KR_AI_ROBOTICS,1,INSUFFICIENT_ELIGIBLE_COUNT,SAME_THEME_CROSS_REGION->US_AI_ROBOTICS,RC-2013-09-30
US_AI_ROBOTICS,0,,,RC-2013-09-30
KR_ENERGY_POWER,1,INSUFFICIENT_ELIGIBLE_COUNT,SAME_THEME_CROSS_REGION->US_ENERGY_POWER,RC-2013-09-30
US_ENERGY_POWER,0,,,RC-2013-09-30
KR_SPACE_DEFENSE,0,,,RC-2013-09-30
US_SPACE_DEFENSE,0,,,RC-2013-09-30
KR_AI_ROBOTICS,1,INSUFFICIENT_ELIGIBLE_COUNT,SAME_THEME_CROSS_REGION->US_AI_ROBOTICS,RC-2013-12-31
US_AI_ROBOTICS,0,,,RC-2013-12-31
KR_ENERGY_POWER,1,INSUFFICIENT_ELIGIBLE_COUNT,SAME_THEME_CROSS_REGION->US_ENERGY_POWER,RC-2013-12-31
US_ENERGY_POWER,0,,,RC-2013-12-31
KR_SPACE_DEFENSE,0,,,RC-2013-12-31
US_SPACE_DEFENSE,0,,,RC-2013-12-31
KR_AI_ROBOTICS,1,INSUFFICIENT_ELIGIBLE_COUNT,SAME_THEME_CROSS_REGION->US_AI_ROBOTICS,RC-2014-03-31
US_AI_ROBOTICS,0,,,RC-2014-03-31
KR_ENERGY_POWER,1,INSUFFICIENT_ELIGIBLE_COUNT,SAME_THEME_CROSS_REGION->US_ENERGY_POWER,RC-2014-03-31
US_ENERGY_POWER,0,,,RC-2014-03-31
KR_SPACE_DEFENSE,0,,,RC-2014-03-31
US_SPACE_DEFENSE,0,,,RC-2014-03-31
KR_AI_ROBOTICS,1,INSUFFICIENT_ELIGIBLE_COUNT,SAME_THEME_CROSS_REGION->US_AI_ROBOTICS,RC-2014-06-30
US_AI_ROBOTICS,0,,,RC-2014-06-30
KR_ENERGY_POWER,1,INSUFFICIENT_ELIGIBLE_COUNT,SAME_THEME_CROSS_REGION->US_ENERGY_POWER,RC-2014-06-30
US_ENERGY_POWER,0,,,RC-2014-06-30
KR_SPACE_DEFENSE,0,,,RC-2014-06-30
US_SPACE_DEFENSE,0,,,RC-2014-06-30
KR_AI_ROBOTICS,1,INSUFFICIENT_ELIGIBLE_COUNT,SAME_THEME_CROSS_REGION->US_AI_ROBOTICS,RC-2014-09-30
US_AI_ROBOTICS,0,,,RC-2014-09-30
KR_ENERGY_POWER,1,INSUFFICIENT_ELIGIBLE_COUNT,SAME_THEME_CROSS_REGION->US_ENERGY_POWER,RC-2014-09-30
US_ENERGY_POWER,0,,,RC-2014-09-30
KR_SPACE_DEFENSE,0,,,RC-2014-09-30
US_SPACE_DEFENSE,0,,,RC-2014-09-30
KR_AI_ROBOTICS,1,INSUFFICIENT_ELIGIBLE_COUNT,SAME_THEME_CROSS_REGION->US_AI_ROBOTICS,RC-2014-12-31
US_AI_ROBOTICS,0,,,RC-2014-12-31
KR_ENERGY_POWER,1,INSUFFICIENT_ELIGIBLE_COUNT,SAME_THEME_CROSS_REGION->US_ENERGY_POWER,RC-2014-12-31
US_ENERGY_POWER,0,,,RC-2014-12-31
KR_SPACE_DEFENSE,0,,,RC-2014-12-31
US_SPACE_DEFENSE,0,,,RC-2014-12-31
KR_AI_ROBOTICS,1,INSUFFICIENT_ELIGIBLE_COUNT,SAME_THEME_CROSS_REGION->US_AI_ROBOTICS,RC-2015-03-31
US_AI_ROBOTICS,0,,,RC-2015-03-31
KR_ENERGY_POWER,1,INSUFFICIENT_ELIGIBLE_COUNT,SAME_THEME_CROSS_REGION->US_ENERGY_POWER,RC-2015-03-31
US_ENERGY_POWER,0,,,RC-2015-03-31
KR_SPACE_DEFENSE,0,,,RC-2015-03-31
US_SPACE_DEFENSE,0,,,RC-2015-03-31
KR_AI_ROBOTICS,0,,,RC-2015-06-30
US_AI_ROBOTICS,0,,,RC-2015-06-30
KR_ENERGY_POWER,1,INSUFFICIENT_ELIGIBLE_COUNT,SAME_THEME_CROSS_REGION->US_ENERGY_POWER,RC-2015-06-30
US_ENERGY_POWER,0,,,RC-2015-06-30
KR_SPACE_DEFENSE,0,,,RC-2015-06-30
US_SPACE_DEFENSE,0,,,RC-2015-06-30
KR_AI_ROBOTICS,0,,,RC-2015-09-30
US_AI_ROBOTICS,0,,,RC-2015-09-30
KR_ENERGY_POWER,1,INSUFFICIENT_ELIGIBLE_COUNT,SAME_THEME_CROSS_REGION->US_ENERGY_POWER,RC-2015-09-30
US_ENERGY_POWER,0,,,RC-2015-09-30
KR_SPACE_DEFENSE,0,,,RC-2015-09-30
US_SPACE_DEFENSE,0,,,RC-2015-09-30
KR_AI_ROBOTICS,0,,,RC-2015-12-31
US_AI_ROBOTICS,0,,,RC-2015-12-31
KR_ENERGY_POWER,0,,,RC-2015-12-31
US_ENERGY_POWER,0,,,RC-2015-12-31
KR_SPACE_DEFENSE,0,,,RC-2015-12-31
US_SPACE_DEFENSE,0,,,RC-2015-12-31
KR_AI_ROBOTICS,0,,,RC-2016-03-31
US_AI_ROBOTICS,0,,,RC-2016-03-31
KR_ENERGY_POWER,0,,,RC-2016-03-31
US_ENERGY_POWER,0,,,RC-2016-03-31
KR_SPACE_DEFENSE,0,,,RC-2016-03-31
US_SPACE_DEFENSE,0,,,RC-2016-03-31
KR_AI_ROBOTICS,0,,,RC-2016-06-30
US_AI_ROBOTICS,0,,,RC-2016-06-30
KR_ENERGY_POWER,0,,,RC-2016-06-30
US_ENERGY_POWER,0,,,RC-2016-06-30
KR_SPACE_DEFENSE,0,,,RC-2016-06-30
US_SPACE_DEFENSE,0,,,RC-2016-06-30
KR_AI_ROBOTICS,0,,,RC-2016-09-30
US_AI_ROBOTICS,0,,,RC-2016-09-30
KR_ENERGY_POWER,1,INSUFFICIENT_ELIGIBLE_COUNT,SAME_THEME_CROSS_REGION->US_ENERGY_POWER,RC-2016-09-30
US_ENERGY_POWER,0,,,RC-2016-09-30
KR_SPACE_DEFENSE,0,,,RC-2016-09-30
US_SPACE_DEFENSE,0,,,RC-2016-09-30
KR_AI_ROBOTICS,0,,,RC-2016-12-31
US_AI_ROBOTICS,0,,,RC-2016-12-31
KR_ENERGY_POWER,1,INSUFFICIENT_ELIGIBLE_COUNT,SAME_THEME_CROSS_REGION->US_ENERGY_POWER,RC-2016-12-31
US_ENERGY_POWER,0,,,RC-2016-12-31
KR_SPACE_DEFENSE,0,,,RC-2016-12-31
US_SPACE_DEFENSE,0,,,RC-2016-12-31
KR_AI_ROBOTICS,0,,,RC-2017-03-31
US_AI_ROBOTICS,0,,,RC-2017-03-31
KR_ENERGY_POWER,1,INSUFFICIENT_ELIGIBLE_COUNT,SAME_THEME_CROSS_REGION->US_ENERGY_POWER,RC-2017-03-31
US_ENERGY_POWER,0,,,RC-2017-03-31
KR_SPACE_DEFENSE,0,,,RC-2017-03-31
US_SPACE_DEFENSE,0,,,RC-2017-03-31
KR_AI_ROBOTICS,0,,,RC-2017-06-30
US_AI_ROBOTICS,0,,,RC-2017-06-30
KR_ENERGY_POWER,1,INSUFFICIENT_ELIGIBLE_COUNT,SAME_THEME_CROSS_REGION->US_ENERGY_POWER,RC-2017-06-30
US_ENERGY_POWER,0,,,RC-2017-06-30
KR_SPACE_DEFENSE,0,,,RC-2017-06-30
US_SPACE_DEFENSE,0,,,RC-2017-06-30
KR_AI_ROBOTICS,0,,,RC-2017-09-30
US_AI_ROBOTICS,0,,,RC-2017-09-30
KR_ENERGY_POWER,0,,,RC-2017-09-30
US_ENERGY_POWER,0,,,RC-2017-09-30
KR_SPACE_DEFENSE,0,,,RC-2017-09-30
US_SPACE_DEFENSE,0,,,RC-2017-09-30
KR_AI_ROBOTICS,0,,,RC-2017-12-31
US_AI_ROBOTICS,0,,,RC-2017-12-31
KR_ENERGY_POWER,0,,,RC-2017-12-31
US_ENERGY_POWER,0,,,RC-2017-12-31
KR_SPACE_DEFENSE,0,,,RC-2017-12-31
US_SPACE_DEFENSE,0,,,RC-2017-12-31
KR_AI_ROBOTICS,0,,,RC-2018-03-31
US_AI_ROBOTICS,0,,,RC-2018-03-31
KR_ENERGY_POWER,0,,,RC-2018-03-31
US_ENERGY_POWER,0,,,RC-2018-03-31
KR_SPACE_DEFENSE,0,,,RC-2018-03-31
US_SPACE_DEFENSE,0,,,RC-2018-03-31
KR_AI_ROBOTICS,0,,,RC-2018-06-30
US_AI_ROBOTICS,0,,,RC-2018-06-30
KR_ENERGY_POWER,0,,,RC-2018-06-30
US_ENERGY_POWER,0,,,RC-2018-06-30
KR_SPACE_DEFENSE,0,,,RC-2018-06-30
US_SPACE_DEFENSE,0,,,RC-2018-06-30
KR_AI_ROBOTICS,0,,,RC-2018-09-30
US_AI_ROBOTICS,0,,,RC-2018-09-30
KR_ENERGY_POWER,0,,,RC-2018-09-30
US_ENERGY_POWER,0,,,RC-2018-09-30
KR_SPACE_DEFENSE,0,,,RC-2018-09-30
US_SPACE_DEFENSE,0,,,RC-2018-09-30
KR_AI_ROBOTICS,0,,,RC-2018-12-31
US_AI_ROBOTICS,0,,,RC-2018-12-31
KR_ENERGY_POWER,0,,,RC-2018-12-31
US_ENERGY_POWER,0,,,RC-2018-12-31
KR_SPACE_DEFENSE,0,,,RC-2018-12-31
US_SPACE_DEFENSE,0,,,RC-2018-12-31
KR_AI_ROBOTICS,0,,,RC-2019-03-31
US_AI_ROBOTICS,0,,,RC-2019-03-31
KR_ENERGY_POWER,0,,,RC-2019-03-31
US_ENERGY_POWER,0,,,RC-2019-03-31
KR_SPACE_DEFENSE,0,,,RC-2019-03-31
US_SPACE_DEFENSE,0,,,RC-2019-03-31
KR_AI_ROBOTICS,0,,,RC-2019-06-30
US_AI_ROBOTICS,0,,,RC-2019-06-30
KR_ENERGY_POWER,0,,,RC-2019-06-30
US_ENERGY_POWER,0,,,RC-2019-06-30
KR_SPACE_DEFENSE,0,,,RC-2019-06-30
US_SPACE_DEFENSE,0,,,RC-2019-06-30
KR_AI_ROBOTICS,0,,,RC-2019-09-30
US_AI_ROBOTICS,0,,,RC-2019-09-30
KR_ENERGY_POWER,0,,,RC-2019-09-30
US_ENERGY_POWER,0,,,RC-2019-09-30
KR_SPACE_DEFENSE,0,,,RC-2019-09-30
US_SPACE_DEFENSE,0,,,RC-2019-09-30
KR_AI_ROBOTICS,0,,,RC-2019-12-31
US_AI_ROBOTICS,0,,,RC-2019-12-31
KR_ENERGY_POWER,0,,,RC-2019-12-31
US_ENERGY_POWER,0,,,RC-2019-12-31
KR_SPACE_DEFENSE,0,,,RC-2019-12-31
US_SPACE_DEFENSE,0,,,RC-2019-12-31
KR_AI_ROBOTICS,0,,,RC-2020-03-31
US_AI_ROBOTICS,0,,,RC-2020-03-31
KR_ENERGY_POWER,0,,,RC-2020-03-31
US_ENERGY_POWER,0,,,RC-2020-03-31
KR_SPACE_DEFENSE,0,,,RC-2020-03-31
US_SPACE_DEFENSE,0,,,RC-2020-03-31
KR_AI_ROBOTICS,0,,,RC-2020-06-30
US_AI_ROBOTICS,0,,,RC-2020-06-30
KR_ENERGY_POWER,0,,,RC-2020-06-30
US_ENERGY_POWER,0,,,RC-2020-06-30
KR_SPACE_DEFENSE,0,,,RC-2020-06-30
US_SPACE_DEFENSE,0,,,RC-2020-06-30
KR_AI_ROBOTICS,0,,,RC-2020-09-30
US_AI_ROBOTICS,0,,,RC-2020-09-30
KR_ENERGY_POWER,0,,,RC-2020-09-30
US_ENERGY_POWER,0,,,RC-2020-09-30
KR_SPACE_DEFENSE,0,,,RC-2020-09-30
US_SPACE_DEFENSE,0,,,RC-2020-09-30
KR_AI_ROBOTICS,0,,,RC-2020-12-31
US_AI_ROBOTICS,0,,,RC-2020-12-31
KR_ENERGY_POWER,0,,,RC-2020-12-31
US_ENERGY_POWER,0,,,RC-2020-12-31
KR_SPACE_DEFENSE,0,,,RC-2020-12-31
US_SPACE_DEFENSE,0,,,RC-2020-12-31
KR_AI_ROBOTICS,0,,,RC-2021-03-31
US_AI_ROBOTICS,0,,,RC-2021-03-31
KR_ENERGY_POWER,0,,,RC-2021-03-31
US_ENERGY_POWER,0,,,RC-2021-03-31
KR_SPACE_DEFENSE,0,,,RC-2021-03-31
US_SPACE_DEFENSE,0,,,RC-2021-03-31
KR_AI_ROBOTICS,0,,,RC-2021-06-30
US_AI_ROBOTICS,0,,,RC-2021-06-30
KR_ENERGY_POWER,0,,,RC-2021-06-30
US_ENERGY_POWER,0,,,RC-2021-06-30
KR_SPACE_DEFENSE,0,,,RC-2021-06-30
US_SPACE_DEFENSE,0,,,RC-2021-06-30
KR_AI_ROBOTICS,0,,,RC-2021-09-30
US_AI_ROBOTICS,0,,,RC-2021-09-30
KR_ENERGY_POWER,0,,,RC-2021-09-30
US_ENERGY_POWER,0,,,RC-2021-09-30
KR_SPACE_DEFENSE,0,,,RC-2021-09-30
US_SPACE_DEFENSE,0,,,RC-2021-09-30
KR_AI_ROBOTICS,0,,,RC-2021-12-31
US_AI_ROBOTICS,0,,,RC-2021-12-31
KR_ENERGY_POWER,0,,,RC-2021-12-31
US_ENERGY_POWER,0,,,RC-2021-12-31
KR_SPACE_DEFENSE,0,,,RC-2021-12-31
US_SPACE_DEFENSE,0,,,RC-2021-12-31
KR_AI_ROBOTICS,0,,,RC-2022-03-31
US_AI_ROBOTICS,0,,,RC-2022-03-31
KR_ENERGY_POWER,0,,,RC-2022-03-31
US_ENERGY_POWER,0,,,RC-2022-03-31
KR_SPACE_DEFENSE,0,,,RC-2022-03-31
US_SPACE_DEFENSE,0,,,RC-2022-03-31
KR_AI_ROBOTICS,0,,,RC-2022-06-30
US_AI_ROBOTICS,0,,,RC-2022-06-30
KR_ENERGY_POWER,0,,,RC-2022-06-30
US_ENERGY_POWER,0,,,RC-2022-06-30
KR_SPACE_DEFENSE,0,,,RC-2022-06-30
US_SPACE_DEFENSE,0,,,RC-2022-06-30
KR_AI_ROBOTICS,0,,,RC-2022-09-30
US_AI_ROBOTICS,0,,,RC-2022-09-30
KR_ENERGY_POWER,0,,,RC-2022-09-30
US_ENERGY_POWER,0,,,RC-2022-09-30
KR_SPACE_DEFENSE,0,,,RC-2022-09-30
US_SPACE_DEFENSE,0,,,RC-2022-09-30
KR_AI_ROBOTICS,0,,,RC-2022-12-31
US_AI_ROBOTICS,0,,,RC-2022-12-31
KR_ENERGY_POWER,0,,,RC-2022-12-31
US_ENERGY_POWER,0,,,RC-2022-12-31
KR_SPACE_DEFENSE,0,,,RC-2022-12-31
US_SPACE_DEFENSE,0,,,RC-2022-12-31
KR_AI_ROBOTICS,0,,,RC-2023-03-31
US_AI_ROBOTICS,0,,,RC-2023-03-31
KR_ENERGY_POWER,0,,,RC-2023-03-31
US_ENERGY_POWER,0,,,RC-2023-03-31
KR_SPACE_DEFENSE,0,,,RC-2023-03-31
US_SPACE_DEFENSE,0,,,RC-2023-03-31
KR_AI_ROBOTICS,0,,,RC-2023-06-30
US_AI_ROBOTICS,0,,,RC-2023-06-30
KR_ENERGY_POWER,0,,,RC-2023-06-30
US_ENERGY_POWER,0,,,RC-2023-06-30
KR_SPACE_DEFENSE,0,,,RC-2023-06-30
US_SPACE_DEFENSE,0,,,RC-2023-06-30
KR_AI_ROBOTICS,0,,,RC-2023-09-30
US_AI_ROBOTICS,0,,,RC-2023-09-30
KR_ENERGY_POWER,0,,,RC-2023-09-30
US_ENERGY_POWER,0,,,RC-2023-09-30
KR_SPACE_DEFENSE,0,,,RC-2023-09-30
US_SPACE_DEFENSE,0,,,RC-2023-09-30
KR_AI_ROBOTICS,0,,,RC-2023-12-31
US_AI_ROBOTICS,0,,,RC-2023-12-31
KR_ENERGY_POWER,0,,,RC-2023-12-31
US_ENERGY_POWER,0,,,RC-2023-12-31
KR_SPACE_DEFENSE,0,,,RC-2023-12-31
US_SPACE_DEFENSE,0,,,RC-2023-12-31
KR_AI_ROBOTICS,0,,,RC-2024-03-31
US_AI_ROBOTICS,0,,,RC-2024-03-31
KR_ENERGY_POWER,0,,,RC-2024-03-31
US_ENERGY_POWER,0,,,RC-2024-03-31
KR_SPACE_DEFENSE,0,,,RC-2024-03-31
US_SPACE_DEFENSE,0,,,RC-2024-03-31
KR_AI_ROBOTICS,0,,,RC-2024-06-30
US_AI_ROBOTICS,0,,,RC-2024-06-30
KR_ENERGY_POWER,0,,,RC-2024-06-30
US_ENERGY_POWER,0,,,RC-2024-06-30
KR_SPACE_DEFENSE,0,,,RC-2024-06-30
US_SPACE_DEFENSE,0,,,RC-2024-06-30
KR_AI_ROBOTICS,0,,,RC-2024-09-30
US_AI_ROBOTICS,0,,,RC-2024-09-30
KR_ENERGY_POWER,0,,,RC-2024-09-30
US_ENERGY_POWER,0,,,RC-2024-09-30
KR_SPACE_DEFENSE,0,,,RC-2024-09-30
US_SPACE_DEFENSE,0,,,RC-2024-09-30
KR_AI_ROBOTICS,0,,,RC-2024-12-31
US_AI_ROBOTICS,0,,,RC-2024-12-31
KR_ENERGY_POWER,0,,,RC-2024-12-31
US_ENERGY_POWER,0,,,RC-2024-12-31
KR_SPACE_DEFENSE,0,,,RC-2024-12-31
US_SPACE_DEFENSE,0,,,RC-2024-12-31
KR_AI_ROBOTICS,0,,,RC-2025-03-31
US_AI_ROBOTICS,0,,,RC-2025-03-31
KR_ENERGY_POWER,0,,,RC-2025-03-31
US_ENERGY_POWER,0,,,RC-2025-03-31
KR_SPACE_DEFENSE,0,,,RC-2025-03-31
US_SPACE_DEFENSE,0,,,RC-2025-03-31
KR_AI_ROBOTICS,0,,,RC-2025-06-30
US_AI_ROBOTICS,0,,,RC-2025-06-30
KR_ENERGY_POWER,0,,,RC-2025-06-30
US_ENERGY_POWER,0,,,RC-2025-06-30
KR_SPACE_DEFENSE,0,,,RC-2025-06-30
US_SPACE_DEFENSE,0,,,RC-2025-06-30
KR_AI_ROBOTICS,0,,,RC-2025-09-30
US_AI_ROBOTICS,0,,,RC-2025-09-30
KR_ENERGY_POWER,0,,,RC-2025-09-30
US_ENERGY_POWER,0,,,RC-2025-09-30
KR_SPACE_DEFENSE,0,,,RC-2025-09-30
US_SPACE_DEFENSE,0,,,RC-2025-09-30
KR_AI_ROBOTICS,0,,,RC-2025-12-31
US_AI_ROBOTICS,0,,,RC-2025-12-31
KR_ENERGY_POWER,0,,,RC-2025-12-31
US_ENERGY_POWER,0,,,RC-2025-12-31
KR_SPACE_DEFENSE,0,,,RC-2025-12-31
US_SPACE_DEFENSE,0,,,RC-2025-12-31
KR_AI_ROBOTICS,0,,,RC-2026-03-31
US_AI_ROBOTICS,0,,,RC-2026-03-31
KR_ENERGY_POWER,0,,,RC-2026-03-31
US_ENERGY_POWER,0,,,RC-2026-03-31
KR_SPACE_DEFENSE,0,,,RC-2026-03-31
US_SPACE_DEFENSE,0,,,RC-2026-03-31
KR_AI_ROBOTICS,0,,,RC-2026-06-30
US_AI_ROBOTICS,0,,,RC-2026-06-30
KR_ENERGY_POWER,0,,,RC-2026-06-30
US_ENERGY_POWER,0,,,RC-2026-06-30
KR_SPACE_DEFENSE,0,,,RC-2026-06-30
US_SPACE_DEFENSE,0,,,RC-2026-06-30
