"회사명","종목코드","PDF","원문XBRLZIP","재무제표Excel","직접대응","PDF_ONLY","XBRL_ONLY","기술판정","비고"
"현대로템","064350","22","22","12","20","2","2","완료","v4_6 기준원장 정산"
"한화에어로스페이스","012450","19","19","0","19","0","0","완료",""
"효성중공업","298040","24","24","0","0","24","0","완료","과거 PDF_ONLY·소급대응 미수행"
"LS일렉트릭","010120","22","22","0","22","0","0","완료",""
"HD현대일렉트릭","267260","24","24","0","24","0","0","완료",""
"삼성SDS","018260","23","23","0","23","0","0","완료",""
"LG CNS","064400","24","11","0","11","13","0","완료",""
"현대오토에버","307950","24","24","0","24","0","0","완료",""
"LIG넥스원","079550","22","22","0","22","0","0","완료",""
