"security_id","company_name","package_sha256","entry_relative_path","entry_file_name","entry_extension","entry_size_bytes","entry_sha256","candidate_score","candidate_priority","candidate_reasons","csv_parse_status","csv_row_count","csv_column_count","csv_column_names","pdf_column_count","xbrl_column_count","pair_column_count","workbook_open_status","workbook_error","workbook_sheet_count","workbook_sheet_names","workbook_keyword_hits"
"064350","현대로템","EC0974326CBDCBD06B36919ABDAC05F9395D0DB7443278C35E39422A3CF158EB","soph_handoff_hyundai_rotem_v1/SOPH_DART_064350_현대로템_공시자료_정제본_v0.xlsx","SOPH_DART_064350_현대로템_공시자료_정제본_v0.xlsx",".xlsx","28133","AC0821CB3A905F26BB9A36A2C7C75D30BE6F2B713671DDD9B7B39229A092C87A","160","HIGH","RELEVANT_NAME_OR_PATH | WORKBOOK_HAS_PDF_AND_XBRL_TERMS | RELEVANT_SHEET_NAME","NOT_APPLICABLE","0","0","","0","0","0","PASS","","15","분기보고서 | 회사의 개요 | 사업의 내용 | 재무에 관한 사항 연결재무제표 | 재무에 관한 사항 연결재무제표 주석 | 재무에 관한 사항 재무제표 주석 | 계열회사 등에 관한 사항 | 대주주 등에과의 거래내용 | 그 밖에 투자자 보호를 위하여 필요한 사항 | 상세표 | 경로추적 | 공시자료목록 | PDF구조QA | XBRL구조QA | 검토이슈","285"
"064350","현대로템","EC0974326CBDCBD06B36919ABDAC05F9395D0DB7443278C35E39422A3CF158EB","soph_handoff_hyundai_rotem_v1/SOPH_DART_064350_현대로템_공시자료_정제본_v1.xlsx","SOPH_DART_064350_현대로템_공시자료_정제본_v1.xlsx",".xlsx","50488","D34F3C2A6B3CC513AE23A9A52F920496CEDAD4F39828CC817E7B7F4AD031BBE6","160","HIGH","RELEVANT_NAME_OR_PATH | WORKBOOK_HAS_PDF_AND_XBRL_TERMS | RELEVANT_SHEET_NAME","NOT_APPLICABLE","0","0","","0","0","0","PASS","","20","분기보고서 | 회사의 개요 | 사업의 내용 | 재무에 관한 사항 연결재무제표 | 재무에 관한 사항 연결재무제표 주석 | 재무에 관한 사항 재무제표 주석 | 계열회사 등에 관한 사항 | 대주주 등에과의 거래내용 | 그 밖에 투자자 보호를 위하여 필요한 사항 | 상세표 | 경로추적 | 공시자료목록 | PDF구조QA | XBRL구조QA | 검토이슈 | 공시자료추적원장 | QA규칙목록 | 의심파일검토 | PDF일자검증 | 최근5년필터","835"
"064350","현대로템","EC0974326CBDCBD06B36919ABDAC05F9395D0DB7443278C35E39422A3CF158EB","soph_handoff_hyundai_rotem_v1/SOPH_DART_064350_현대로템_공시자료_정제본_v2.xlsx","SOPH_DART_064350_현대로템_공시자료_정제본_v2.xlsx",".xlsx","73660","1745D850ED4DC26FCACA78EAE5B6733DE2AC2856076234D3B5EBD0782487F872","160","HIGH","RELEVANT_NAME_OR_PATH | WORKBOOK_HAS_PDF_AND_XBRL_TERMS | RELEVANT_SHEET_NAME","NOT_APPLICABLE","0","0","","0","0","0","PASS","","23","분기보고서 | 회사의 개요 | 사업의 내용 | 재무에 관한 사항 연결재무제표 | 재무에 관한 사항 연결재무제표 주석 | 재무에 관한 사항 재무제표 주석 | 계열회사 등에 관한 사항 | 대주주 등에과의 거래내용 | 그 밖에 투자자 보호를 위하여 필요한 사항 | 상세표 | 경로추적 | 공시자료목록 | PDF구조QA | XBRL구조QA | 검토이슈 | 공시자료추적원장 | QA규칙목록 | 의심파일검토 | PDF일자검증 | 최근5년필터 | PDF문맥증거원장 | 문맥검토대상 | 출처주소규칙","1067"
"064350","현대로템","EC0974326CBDCBD06B36919ABDAC05F9395D0DB7443278C35E39422A3CF158EB","soph_handoff_hyundai_rotem_v1/SOPH_DART_064350_현대로템_공시자료_정제본_v3.xlsx","SOPH_DART_064350_현대로템_공시자료_정제본_v3.xlsx",".xlsx","101683","D9C003E6FD3EDB68803460B5175E2119E78F433E8EB63AA682BC0BA79CDA69B7","160","HIGH","RELEVANT_NAME_OR_PATH | WORKBOOK_HAS_PDF_AND_XBRL_TERMS | RELEVANT_SHEET_NAME","NOT_APPLICABLE","0","0","","0","0","0","PASS","","27","분기보고서 | 회사의 개요 | 사업의 내용 | 재무에 관한 사항 연결재무제표 | 재무에 관한 사항 연결재무제표 주석 | 재무에 관한 사항 재무제표 주석 | 계열회사 등에 관한 사항 | 대주주 등에과의 거래내용 | 그 밖에 투자자 보호를 위하여 필요한 사항 | 상세표 | 경로추적 | 공시자료목록 | PDF구조QA | XBRL구조QA | 검토이슈 | 공시자료추적원장 | QA규칙목록 | 의심파일검토 | PDF일자검증 | 최근5년필터 | PDF문맥증거원장 | 문맥검토대상 | 출처주소규칙 | 문맥검토대상_상세 | 미확정사유사전 | 스코프판정규칙 | 문맥검증요약","1232"
"064350","현대로템","EC0974326CBDCBD06B36919ABDAC05F9395D0DB7443278C35E39422A3CF158EB","soph_handoff_hyundai_rotem_v1/SOPH_DART_064350_현대로템_공시자료_정제본_v4.xlsx","SOPH_DART_064350_현대로템_공시자료_정제본_v4.xlsx",".xlsx","570117","CF0348144E8561EBA795231C9543BD298521033BDAD268E25CCE1B543613D36E","160","HIGH","RELEVANT_NAME_OR_PATH | WORKBOOK_HAS_PDF_AND_XBRL_TERMS | RELEVANT_SHEET_NAME","NOT_APPLICABLE","0","0","","0","0","0","PASS","","28","분기보고서 | 회사의 개요 | 사업의 내용 | 재무에 관한 사항 연결재무제표 | 재무에 관한 사항 연결재무제표 주석 | 재무에 관한 사항 재무제표 주석 | 계열회사 등에 관한 사항 | 대주주 등에과의 거래내용 | 그 밖에 투자자 보호를 위하여 필요한 사항 | 상세표 | 경로추적 | 공시자료목록 | PDF구조QA | XBRL구조QA | 검토이슈 | 공시자료추적원장 | QA규칙목록 | 의심파일검토 | PDF일자검증 | 최근5년필터 | PDF문맥증거원장 | 문맥검토대상 | 출처주소규칙 | 문맥검토대상_상세 | 미확정사유사전 | 스코프판정규칙 | 문맥검증요약 | 본문적재요약","5442"
"064350","현대로템","EC0974326CBDCBD06B36919ABDAC05F9395D0DB7443278C35E39422A3CF158EB","soph_handoff_hyundai_rotem_v1/SOPH_DART_064350_현대로템_공시자료_정제본_v4_1.xlsx","SOPH_DART_064350_현대로템_공시자료_정제본_v4_1.xlsx",".xlsx","735344","0A224B68786562518A06495DB2597B04F54E7944CE63056C141447D40CCA0322","160","HIGH","RELEVANT_NAME_OR_PATH | WORKBOOK_HAS_PDF_AND_XBRL_TERMS | RELEVANT_SHEET_NAME","NOT_APPLICABLE","0","0","","0","0","0","PASS","","30","분기보고서 | 회사의 개요 | 사업의 내용 | 재무에 관한 사항 연결재무제표 | 재무에 관한 사항 연결재무제표 주석 | 재무에 관한 사항 재무제표 주석 | 계열회사 등에 관한 사항 | 대주주 등에과의 거래내용 | 그 밖에 투자자 보호를 위하여 필요한 사항 | 상세표 | 경로추적 | 공시자료목록 | PDF구조QA | XBRL구조QA | 검토이슈 | 공시자료추적원장 | QA규칙목록 | 의심파일검토 | PDF일자검증 | 최근5년필터 | PDF문맥증거원장 | 문맥검토대상 | 출처주소규칙 | 문맥검토대상_상세 | 미확정사유사전 | 스코프판정규칙 | 문맥검증요약 | 본문적재요약 | 시트명_주소매핑 | 주소매핑규칙","7794"
"064350","현대로템","EC0974326CBDCBD06B36919ABDAC05F9395D0DB7443278C35E39422A3CF158EB","soph_handoff_hyundai_rotem_v1/SOPH_DART_064350_현대로템_공시자료_정제본_v4_2.xlsx","SOPH_DART_064350_현대로템_공시자료_정제본_v4_2.xlsx",".xlsx","1638978","1BAE2A48F117564FD75FE491A57D58E06B9835C03961B268F0FBA77449833F70","160","HIGH","RELEVANT_NAME_OR_PATH | WORKBOOK_HAS_PDF_AND_XBRL_TERMS | RELEVANT_SHEET_NAME","NOT_APPLICABLE","0","0","","0","0","0","PASS","","34","분기보고서 | 회사의 개요 | 사업의 내용 | 재무에 관한 사항 연결재무제표 | 재무에 관한 사항 연결재무제표 주석 | 재무에 관한 사항 재무제표 주석 | 계열회사 등에 관한 사항 | 대주주 등에과의 거래내용 | 그 밖에 투자자 보호를 위하여 필요한 사항 | 상세표 | 경로추적 | 공시자료목록 | PDF구조QA | XBRL구조QA | 검토이슈 | 공시자료추적원장 | QA규칙목록 | 의심파일검토 | PDF일자검증 | 최근5년필터 | PDF문맥증거원장 | 문맥검토대상 | 출처주소규칙 | 문맥검토대상_상세 | 미확정사유사전 | 스코프판정규칙 | 문맥검증요약 | 본문적재요약 | 시트명_주소매핑 | 주소매핑규칙 | 맥락등록원장 | 맥락검토대상 | 맥락등록규칙 | 맥락등록요약","22356"
"064350","현대로템","EC0974326CBDCBD06B36919ABDAC05F9395D0DB7443278C35E39422A3CF158EB","soph_handoff_hyundai_rotem_v1/SOPH_DART_064350_현대로템_공시자료_정제본_v4_3.xlsx","SOPH_DART_064350_현대로템_공시자료_정제본_v4_3.xlsx",".xlsx","2609707","12DFEE4182E0A262C17A087EBAA4583C240F7BFA2EBC1157FB2BCCE6DE34C584","160","HIGH","RELEVANT_NAME_OR_PATH | WORKBOOK_HAS_PDF_AND_XBRL_TERMS | RELEVANT_SHEET_NAME","NOT_APPLICABLE","0","0","","0","0","0","PASS","","44","분기보고서 | 회사의 개요 | 사업의 내용 | 재무에 관한 사항 연결재무제표 | 재무에 관한 사항 연결재무제표 주석 | 재무에 관한 사항 재무제표 주석 | 계열회사 등에 관한 사항 | 대주주 등에과의 거래내용 | 그 밖에 투자자 보호를 위하여 필요한 사항 | 상세표 | 경로추적 | 공시자료목록 | PDF구조QA | XBRL구조QA | 검토이슈 | 공시자료추적원장 | QA규칙목록 | 의심파일검토 | PDF일자검증 | 최근5년필터 | PDF문맥증거원장 | 문맥검토대상 | 출처주소규칙 | 문맥검토대상_상세 | 미확정사유사전 | 스코프판정규칙 | 문맥검증요약 | 본문적재요약 | 시트명_주소매핑 | 주소매핑규칙 | 맥락등록원장 | 맥락검토대상 | 맥락등록규칙 | 맥락등록요약 | 선택값목록 | 수동검토작업대장 | 마킹목록 | 수정요청목록 | 검토자의견목록 | 변경이력원장 | 작업타임라인 | 사용자안내서 | 수동검토규칙 | 원본보호상태","36967"
"064350","현대로템","EC0974326CBDCBD06B36919ABDAC05F9395D0DB7443278C35E39422A3CF158EB","soph_handoff_hyundai_rotem_v1/SOPH_DART_064350_현대로템_공시자료_정제본_v4_4.xlsx","SOPH_DART_064350_현대로템_공시자료_정제본_v4_4.xlsx",".xlsx","3054635","D7BFC92632709F2EEBBAFB6ED63AFC86485C855E3D172C579DED9944A43F83B0","160","HIGH","RELEVANT_NAME_OR_PATH | WORKBOOK_HAS_PDF_AND_XBRL_TERMS | RELEVANT_SHEET_NAME","NOT_APPLICABLE","0","0","","0","0","0","PASS","","51","분기보고서 | 회사의 개요 | 사업의 내용 | 재무에 관한 사항 연결재무제표 | 재무에 관한 사항 연결재무제표 주석 | 재무에 관한 사항 재무제표 주석 | 계열회사 등에 관한 사항 | 대주주 등에과의 거래내용 | 그 밖에 투자자 보호를 위하여 필요한 사항 | 상세표 | 경로추적 | 공시자료목록 | PDF구조QA | XBRL구조QA | 검토이슈 | 공시자료추적원장 | QA규칙목록 | 의심파일검토 | PDF일자검증 | 최근5년필터 | PDF문맥증거원장 | 문맥검토대상 | 출처주소규칙 | 문맥검토대상_상세 | 미확정사유사전 | 스코프판정규칙 | 문맥검증요약 | 본문적재요약 | 시트명_주소매핑 | 주소매핑규칙 | 맥락등록원장 | 맥락검토대상 | 맥락등록규칙 | 맥락등록요약 | 선택값목록 | 수동검토작업대장 | 마킹목록 | 수정요청목록 | 검토자의견목록 | 변경이력원장 | 작업타임라인 | 사용자안내서 | 수동검토규칙 | 원본보호상태 | 메모스레드색인 | 메모선택값 | 메모메시지대장 | 메모답장관계표 | 메모사용안내 | 메모규칙 | 메모로그원장","45546"
"064350","현대로템","EC0974326CBDCBD06B36919ABDAC05F9395D0DB7443278C35E39422A3CF158EB","soph_handoff_hyundai_rotem_v1/SOPH_DART_064350_현대로템_공시자료_정제본_v4_5.xlsx","SOPH_DART_064350_현대로템_공시자료_정제본_v4_5.xlsx",".xlsx","3070558","7100307B24453BD921FDE363FC28306CCDDFBA2B18634F497837E7999B71FCBF","160","HIGH","RELEVANT_NAME_OR_PATH | WORKBOOK_HAS_PDF_AND_XBRL_TERMS | RELEVANT_SHEET_NAME","NOT_APPLICABLE","0","0","","0","0","0","PASS","","60","분기보고서 | 회사의 개요 | 사업의 내용 | 재무에 관한 사항 연결재무제표 | 재무에 관한 사항 연결재무제표 주석 | 재무에 관한 사항 재무제표 주석 | 계열회사 등에 관한 사항 | 대주주 등에과의 거래내용 | 그 밖에 투자자 보호를 위하여 필요한 사항 | 상세표 | 경로추적 | 공시자료목록 | PDF구조QA | XBRL구조QA | 검토이슈 | 공시자료추적원장 | QA규칙목록 | 의심파일검토 | PDF일자검증 | 최근5년필터 | PDF문맥증거원장 | 문맥검토대상 | 출처주소규칙 | 문맥검토대상_상세 | 미확정사유사전 | 스코프판정규칙 | 문맥검증요약 | 본문적재요약 | 시트명_주소매핑 | 주소매핑규칙 | 맥락등록원장 | 맥락검토대상 | 맥락등록규칙 | 맥락등록요약 | 선택값목록 | 수동검토작업대장 | 마킹목록 | 수정요청목록 | 검토자의견목록 | 변경이력원장 | 작업타임라인 | 사용자안내서 | 수동검토규칙 | 원본보호상태 | 메모스레드색인 | 메모선택값 | 메모메시지대장 | 메모답장관계표 | 메모사용안내 | 메모규칙 | 메모로그원장 | 품질지표대시보드 | 상태범례표 | 품질지표산식 | 최종작업일지 | 절차순서도 | 공정성투명성점검표 | 단계별검증로그요약 | 산출물보충설명 | 지표주의문구","45624"
"064350","현대로템","EC0974326CBDCBD06B36919ABDAC05F9395D0DB7443278C35E39422A3CF158EB","soph_handoff_hyundai_rotem_v1/SOPH_DART_064350_현대로템_공시자료_정제본_v4_6.xlsx","SOPH_DART_064350_현대로템_공시자료_정제본_v4_6.xlsx",".xlsx","3081347","13A6B499275A9D283D86E10197574523315B5435717EE533E10A4FD45A85F23C","160","HIGH","RELEVANT_NAME_OR_PATH | WORKBOOK_HAS_PDF_AND_XBRL_TERMS | RELEVANT_SHEET_NAME","NOT_APPLICABLE","0","0","","0","0","0","PASS","","66","분기보고서 | 회사의 개요 | 사업의 내용 | 재무에 관한 사항 연결재무제표 | 재무에 관한 사항 연결재무제표 주석 | 재무에 관한 사항 재무제표 주석 | 계열회사 등에 관한 사항 | 대주주 등에과의 거래내용 | 그 밖에 투자자 보호를 위하여 필요한 사항 | 상세표 | 경로추적 | 공시자료목록 | PDF구조QA | XBRL구조QA | 검토이슈 | 공시자료추적원장 | QA규칙목록 | 의심파일검토 | PDF일자검증 | 최근5년필터 | PDF문맥증거원장 | 문맥검토대상 | 출처주소규칙 | 문맥검토대상_상세 | 미확정사유사전 | 스코프판정규칙 | 문맥검증요약 | 본문적재요약 | 시트명_주소매핑 | 주소매핑규칙 | 맥락등록원장 | 맥락검토대상 | 맥락등록규칙 | 맥락등록요약 | 선택값목록 | 수동검토작업대장 | 마킹목록 | 수정요청목록 | 검토자의견목록 | 변경이력원장 | 작업타임라인 | 사용자안내서 | 수동검토규칙 | 원본보호상태 | 메모스레드색인 | 메모선택값 | 메모메시지대장 | 메모답장관계표 | 메모사용안내 | 메모규칙 | 메모로그원장 | 품질지표대시보드 | 상태범례표 | 품질지표산식 | 최종작업일지 | 절차순서도 | 공정성투명성점검표 | 단계별검증로그요약 | 산출물보충설명 | 지표주의문구 | 시각요약대시보드 | 재현성상세지표 | 기호색상범례 | 보고서표번호목록 | 시각자료주의문구 | 공유용요약문","45636"
"064350","현대로템","EC0974326CBDCBD06B36919ABDAC05F9395D0DB7443278C35E39422A3CF158EB","soph_handoff_hyundai_rotem_v1/sheet_scope_address_mapping_hyundai_rotem.csv","sheet_scope_address_mapping_hyundai_rotem.csv",".csv","4742","AEF651107E3296D37EEAE568FFDCCE36D14029766A88C2F02A9648C26792A23B","60","MEDIUM","RELEVANT_NAME_OR_PATH | CSV_HAS_PAIRING_COLUMN","PASS","10","11","sample_sheet_name_raw | sample_sheet_name_normalized | target_sheet_name | canonical_scope_name | source_heading_aliases | sheet_name_status | mapping_status | mapping_rule | mapping_note | rule_version | created_at","0","0","3","NOT_APPLICABLE","","0","","0"
"064350","현대로템","EC0974326CBDCBD06B36919ABDAC05F9395D0DB7443278C35E39422A3CF158EB","soph_handoff_hyundai_rotem_v1/v4_1_context_review_targets_hyundai_rotem.csv","v4_1_context_review_targets_hyundai_rotem.csv",".csv","9217","AA7BFBA570BC56D0E90D3648A8664395F09B7876C41D4AF9122C83FEF834D111","60","MEDIUM","RELEVANT_NAME_OR_PATH | CSV_HAS_PAIRING_COLUMN","PASS","8","35","context_id | trace_id | row_no | target_sheet_name | sample_sheet_name_raw | sample_sheet_name_normalized | canonical_scope_name | pdf_scope_heading | mapping_status | source_file | pdf_physical_page | line_no | paragraph_no | source_address | excel_address | mapping_address | scope_group_size | scope_group_position | previous_paragraph_no | previous_paragraph_text | current_paragraph_text | next_paragraph_no | next_paragraph_text | extraction_status | reverse_trace_status | reverse_trace_basis | context_window_status | scope_boundary_status | context_validation_status | context_review_reason | human_context_check_status | human_context_check_route | human_context_check_note | rule_version | created_at","2","0","2","NOT_APPLICABLE","","0","","0"
"064350","현대로템","EC0974326CBDCBD06B36919ABDAC05F9395D0DB7443278C35E39422A3CF158EB","soph_handoff_hyundai_rotem_v1/v4_1_reverse_trace_qa_hyundai_rotem.csv","v4_1_reverse_trace_qa_hyundai_rotem.csv",".csv","1303018","0586912B2437334FD1AF4E114D85427536103B3ADD1DE82C13934E65DD59D852","60","MEDIUM","RELEVANT_NAME_OR_PATH | CSV_HAS_PAIRING_COLUMN","PASS","2125","16","target_sheet_name | sample_sheet_name_raw | sample_sheet_name_normalized | canonical_scope_name | pdf_scope_heading | source_file | pdf_physical_page | paragraph_no | extraction_status | mapping_status | reverse_trace_status | reverse_trace_basis | reverse_trace_note | matched_text_sample | rule_version | checked_at","2","0","2","NOT_APPLICABLE","","0","","0"
"064350","현대로템","EC0974326CBDCBD06B36919ABDAC05F9395D0DB7443278C35E39422A3CF158EB","soph_handoff_hyundai_rotem_v1/v4_reverse_trace_qa_hyundai_rotem.csv","v4_reverse_trace_qa_hyundai_rotem.csv",".csv","1027201","6E152321FC2D60D75AFF44AEDB1FD4EBC6E863D03D107576C8D1B00E505C27E2","60","MEDIUM","RELEVANT_NAME_OR_PATH | CSV_HAS_PAIRING_COLUMN","PASS","2125","11","sheet_name | source_file | pdf_physical_page | scope_heading | paragraph_no | extraction_status | reverse_trace_status | reverse_trace_note | matched_text_sample | rule_version | checked_at","1","0","1","NOT_APPLICABLE","","0","","0"
"064350","현대로템","EC0974326CBDCBD06B36919ABDAC05F9395D0DB7443278C35E39422A3CF158EB","soph_handoff_hyundai_rotem_v1/qa_files/dart_pdf_toc_summary_kr9.csv","dart_pdf_toc_summary_kr9.csv",".csv","4680","20DBB4B5FAEB771504B7FBAFCBC921C995220D237CC77CD7744BD860742562EE","50","MEDIUM","RELEVANT_NAME_OR_PATH | ROW_COUNT_EQUALS_22","PASS","22","10","file_name | file_size | pdf_pages | toc_detected | toc_entries_count | core_headings_found_count | core_headings_missing | report_title_found | status | note","1","0","0","NOT_APPLICABLE","","0","","0"
"064350","현대로템","EC0974326CBDCBD06B36919ABDAC05F9395D0DB7443278C35E39422A3CF158EB","soph_handoff_hyundai_rotem_v1/qa_files/dart_zip_xbrl_structure_check_kr9.csv","dart_zip_xbrl_structure_check_kr9.csv",".csv","11177","6A59276FB4091168DFDD36C4079DA0BAEEF0ACEBD647E834D18B3BC12ABA0251","50","MEDIUM","RELEVANT_NAME_OR_PATH | ROW_COUNT_EQUALS_22","PASS","22","11","file_name | file_size | zip_status | member_count | xbrl_count | xml_count | xsd_count | label_like_count | representative_members | status | note","0","1","0","NOT_APPLICABLE","","0","","0"
"064350","현대로템","EC0974326CBDCBD06B36919ABDAC05F9395D0DB7443278C35E39422A3CF158EB","soph_handoff_hyundai_rotem_v1/pdf_section_content_by_sheet_hyundai_rotem.csv","pdf_section_content_by_sheet_hyundai_rotem.csv",".csv","2394927","063E01B6014CBA6B942021BF6A5CB09289C43A8027D094CAE44C181DBD91545E","35","LOW","CSV_HAS_PAIRING_COLUMN","PASS","2125","19","sheet_name | source_file | security_id | company_name | document_type | fiscal_period | filing_date | material_type | pdf_physical_page | line_no | scope_heading | matched_heading | paragraph_no | paragraph_text | extraction_status | extraction_note | source_path | rule_version | extracted_at","1","0","1","NOT_APPLICABLE","","0","","0"
"064350","현대로템","EC0974326CBDCBD06B36919ABDAC05F9395D0DB7443278C35E39422A3CF158EB","soph_handoff_hyundai_rotem_v1/pdf_section_content_by_sheet_hyundai_rotem_mapped.csv","pdf_section_content_by_sheet_hyundai_rotem_mapped.csv",".csv","3416812","F9B8FE2811A01112D574417E69CB1A159403EBFCF9376487EFAD3BC9E6CE7DA2","35","LOW","CSV_HAS_PAIRING_COLUMN","PASS","2125","29","target_sheet_name | sample_sheet_name_raw | sample_sheet_name_normalized | canonical_scope_name | pdf_scope_heading | source_heading_aliases | sheet_name_status | mapping_status | mapping_rule | mapping_note | sheet_name | source_file | security_id | company_name | document_type | fiscal_period | filing_date | material_type | pdf_physical_page | line_no | scope_heading | matched_heading | paragraph_no | paragraph_text | extraction_status | extraction_note | source_path | rule_version | extracted_at","2","0","4","NOT_APPLICABLE","","0","","0"
"064350","현대로템","EC0974326CBDCBD06B36919ABDAC05F9395D0DB7443278C35E39422A3CF158EB","soph_handoff_hyundai_rotem_v1/v4_1_context_register_hyundai_rotem.csv","v4_1_context_register_hyundai_rotem.csv",".csv","5348054","BA9DF4A24A0BD6E4313BBF3D7B0EF76363BEB8F31E3324C626B378072137870D","35","LOW","CSV_HAS_PAIRING_COLUMN","PASS","2125","35","context_id | trace_id | row_no | target_sheet_name | sample_sheet_name_raw | sample_sheet_name_normalized | canonical_scope_name | pdf_scope_heading | mapping_status | source_file | pdf_physical_page | line_no | paragraph_no | source_address | excel_address | mapping_address | scope_group_size | scope_group_position | previous_paragraph_no | previous_paragraph_text | current_paragraph_text | next_paragraph_no | next_paragraph_text | extraction_status | reverse_trace_status | reverse_trace_basis | context_window_status | scope_boundary_status | context_validation_status | context_review_reason | human_context_check_status | human_context_check_route | human_context_check_note | rule_version | created_at","2","0","2","NOT_APPLICABLE","","0","","0"
"064350","현대로템","EC0974326CBDCBD06B36919ABDAC05F9395D0DB7443278C35E39422A3CF158EB","soph_handoff_hyundai_rotem_v1/pdf_date_consistency_hyundai_rotem.csv","pdf_date_consistency_hyundai_rotem.csv",".csv","6118","AE7D08900C9D5FC164333AC4FB45F7EA9B8B1E0CD894DBA988CDA5A68E531A46","25","LOW","ROW_COUNT_EQUALS_22","PASS","22","18","file_name | security_id | company_name | report_type | correction_flag | filename_fiscal_period | pdf_inferred_fiscal_period | filename_filing_date | pdf_submission_date | pdf_submission_date_fmt | fiscal_start_date | fiscal_start_date_fmt | fiscal_end_date | fiscal_end_date_fmt | pdf_total_pages | checked_pages | date_check_status | date_check_note","4","0","0","NOT_APPLICABLE","","0","","0"
"064350","현대로템","EC0974326CBDCBD06B36919ABDAC05F9395D0DB7443278C35E39422A3CF158EB","soph_handoff_hyundai_rotem_v1/qa_files/dart_pdf_toc_entries_kr9.csv","dart_pdf_toc_entries_kr9.csv",".csv","279244","2EEB0043FCDCA5F2167540536EA8E1DE3A0FD2011CBD53465E5ED83F15FD2FD8","25","LOW","RELEVANT_NAME_OR_PATH","PASS","2096","6","file_name | toc_title | declared_report_page | found_physical_page | status | note","0","0","0","NOT_APPLICABLE","","0","","0"
"064350","현대로템","EC0974326CBDCBD06B36919ABDAC05F9395D0DB7443278C35E39422A3CF158EB","soph_handoff_hyundai_rotem_v1/qa_files/dart_report_structure_qa_manifest.json","dart_report_structure_qa_manifest.json",".json","744","23E917CFB406862F367D4F50C9728B46498B178E4374A025D41C0218D2181F86","25","LOW","RELEVANT_NAME_OR_PATH","NOT_APPLICABLE","0","0","","0","0","0","NOT_APPLICABLE","","0","","0"
"064350","현대로템","EC0974326CBDCBD06B36919ABDAC05F9395D0DB7443278C35E39422A3CF158EB","soph_handoff_hyundai_rotem_v1/v3_workbook_integrity_check_hyundai_rotem.csv","v3_workbook_integrity_check_hyundai_rotem.csv",".csv","1618","D410E7AA633248629FC3B484B33B729C33763AA207C48BC81330754C25CEAADF","25","LOW","ROW_COUNT_EQUALS_22","PASS","22","6","sheet_name | exists | data_rows_excluding_header | columns | status | note","0","0","0","NOT_APPLICABLE","","0","","0"
"064350","현대로템","EC0974326CBDCBD06B36919ABDAC05F9395D0DB7443278C35E39422A3CF158EB","soph_handoff_hyundai_rotem_v1/v4_1_mapping_integrity_check_hyundai_rotem.csv","v4_1_mapping_integrity_check_hyundai_rotem.csv",".csv","16207","CC6CFBD96FB418681431FC84BD40C56D70D159859E18174ED9B1B1210E4AD818","25","LOW","RELEVANT_NAME_OR_PATH","PASS","143","6","check_item | sheet_name | status | detail | rule_version | checked_at","0","0","0","NOT_APPLICABLE","","0","","0"
"064350","현대로템","EC0974326CBDCBD06B36919ABDAC05F9395D0DB7443278C35E39422A3CF158EB","soph_handoff_hyundai_rotem_v1/v4_3_manual_review_integrity_check_hyundai_rotem.csv","v4_3_manual_review_integrity_check_hyundai_rotem.csv",".csv","10731","ECD4066F5D77842529E32D60616B4916AF65FC7191F0B992B6C4AA68E7A02002","25","LOW","RELEVANT_NAME_OR_PATH","PASS","80","6","check_item | target | status | detail | rule_version | checked_at","0","0","0","NOT_APPLICABLE","","0","","0"
"064350","현대로템","EC0974326CBDCBD06B36919ABDAC05F9395D0DB7443278C35E39422A3CF158EB","soph_handoff_hyundai_rotem_v1/context_registration_rules_hyundai_rotem.csv","context_registration_rules_hyundai_rotem.csv",".csv","1252","8F9EF859EB65AF4B1688F9D9F8695F8B1FD955DACDFFDADB74098E193D19480D","0","LOW","","PASS","5","4","rule_id | rule_name | rule_body | status","0","0","0","NOT_APPLICABLE","","0","","0"
"064350","현대로템","EC0974326CBDCBD06B36919ABDAC05F9395D0DB7443278C35E39422A3CF158EB","soph_handoff_hyundai_rotem_v1/context_unresolved_reason_registry_hyundai_rotem.csv","context_unresolved_reason_registry_hyundai_rotem.csv",".csv","1987","4B77EA1714B46318AE18DC2E6FEDC53E6CB3AAFB842A2272F58187E6B8FC0CBC","0","LOW","","PASS","5","4","unresolved_reason_code | standard_sentence | approval_policy | rule_version","0","0","0","NOT_APPLICABLE","","0","","0"
"064350","현대로템","EC0974326CBDCBD06B36919ABDAC05F9395D0DB7443278C35E39422A3CF158EB","soph_handoff_hyundai_rotem_v1/dart_report_inventory_kr9.csv","dart_report_inventory_kr9.csv",".csv","13582","5CF767B8C65CD51BFEF67E67384AA72A7A7DB7D79F64E70E50D408802EA803DB","0","LOW","","PASS","57","16","original_name | parsed_company_name | security_id | normalized_company_name | primary_theme | report_type | fiscal_period | filing_date | material_type | correction_flag | correction_type | source_ext | target_name | action | status | note","0","0","0","NOT_APPLICABLE","","0","","0"
"064350","현대로템","EC0974326CBDCBD06B36919ABDAC05F9395D0DB7443278C35E39422A3CF158EB","soph_handoff_hyundai_rotem_v1/package_close_docs/DART_064350_현대로템_v4_5_최종자기검사보고서.md","DART_064350_현대로템_v4_5_최종자기검사보고서.md",".md","1161","35CB245072B5429F85496823BCAC44A4F181F59D12B7178F52AD61E4686B7FDF","0","LOW","","NOT_APPLICABLE","0","0","","0","0","0","NOT_APPLICABLE","","0","","0"
"064350","현대로템","EC0974326CBDCBD06B36919ABDAC05F9395D0DB7443278C35E39422A3CF158EB","soph_handoff_hyundai_rotem_v1/package_close_docs/DART_064350_현대로템_v4_6_최종자기검사보고서.md","DART_064350_현대로템_v4_6_최종자기검사보고서.md",".md","739","BB9A80824BB747BEEDB90A5608BFA287D84C9BE2647D6BD44F1DA654B6ABA2F6","0","LOW","","NOT_APPLICABLE","0","0","","0","0","0","NOT_APPLICABLE","","0","","0"
"064350","현대로템","EC0974326CBDCBD06B36919ABDAC05F9395D0DB7443278C35E39422A3CF158EB","soph_handoff_hyundai_rotem_v1/package_close_docs/DART_064350_현대로템_감사추적형_최종인계보고서_v4_5.md","DART_064350_현대로템_감사추적형_최종인계보고서_v4_5.md",".md","14715","8A402DD490F92D455D579A5B584180B9380C385EDC9AC09900A5957BD190EE10","0","LOW","","NOT_APPLICABLE","0","0","","0","0","0","NOT_APPLICABLE","","0","","0"
"064350","현대로템","EC0974326CBDCBD06B36919ABDAC05F9395D0DB7443278C35E39422A3CF158EB","soph_handoff_hyundai_rotem_v1/package_close_docs/DART_064350_현대로템_감사추적형_최종인계보고서_v4_6.md","DART_064350_현대로템_감사추적형_최종인계보고서_v4_6.md",".md","7446","9D3E9D576819882004BA1E505FBBFD914B49F2C3CD2BC69B788ACA1C1DEBEEF1","0","LOW","","NOT_APPLICABLE","0","0","","0","0","0","NOT_APPLICABLE","","0","","0"
"064350","현대로템","EC0974326CBDCBD06B36919ABDAC05F9395D0DB7443278C35E39422A3CF158EB","soph_handoff_hyundai_rotem_v1/package_close_docs/DART_064350_현대로템_분류및검증상세서.md","DART_064350_현대로템_분류및검증상세서.md",".md","4508","E1EF27072BA61AAEF2E97E7722F75D819056FD624C1693CC739B1F1D38BC3E62","0","LOW","","NOT_APPLICABLE","0","0","","0","0","0","NOT_APPLICABLE","","0","","0"
"064350","현대로템","EC0974326CBDCBD06B36919ABDAC05F9395D0DB7443278C35E39422A3CF158EB","soph_handoff_hyundai_rotem_v1/package_close_docs/DART_064350_현대로템_사용로직설명서.md","DART_064350_현대로템_사용로직설명서.md",".md","2641","DFB8DC43B35C37A1C9461262B0BA3A5C76E076DF2F413A4FF75B60DEF615043F","0","LOW","","NOT_APPLICABLE","0","0","","0","0","0","NOT_APPLICABLE","","0","","0"
"064350","현대로템","EC0974326CBDCBD06B36919ABDAC05F9395D0DB7443278C35E39422A3CF158EB","soph_handoff_hyundai_rotem_v1/package_close_docs/DART_064350_현대로템_시각자료목차_v4_6.md","DART_064350_현대로템_시각자료목차_v4_6.md",".md","3586","77FD957098FA517A3BF94CA61CDBE11EB8F3FECD129EE95A0C491D76D9DEBA32","0","LOW","","NOT_APPLICABLE","0","0","","0","0","0","NOT_APPLICABLE","","0","","0"
"064350","현대로템","EC0974326CBDCBD06B36919ABDAC05F9395D0DB7443278C35E39422A3CF158EB","soph_handoff_hyundai_rotem_v1/package_close_docs/DART_064350_현대로템_시각자료및품질지표설명서_v4_6.md","DART_064350_현대로템_시각자료및품질지표설명서_v4_6.md",".md","1401","BDF877EC8B2478C4CCC9C67D9818EE8133EDF6503E29E95A03AE7F021097DBED","0","LOW","","NOT_APPLICABLE","0","0","","0","0","0","NOT_APPLICABLE","","0","","0"
"064350","현대로템","EC0974326CBDCBD06B36919ABDAC05F9395D0DB7443278C35E39422A3CF158EB","soph_handoff_hyundai_rotem_v1/package_close_docs/DART_064350_현대로템_진단종합서.md","DART_064350_현대로템_진단종합서.md",".md","3386","0167B86AE5B07291D7688F781C644A01496A5DF5DC6BDC00C1BB1110E9921607","0","LOW","","NOT_APPLICABLE","0","0","","0","0","0","NOT_APPLICABLE","","0","","0"
"064350","현대로템","EC0974326CBDCBD06B36919ABDAC05F9395D0DB7443278C35E39422A3CF158EB","soph_handoff_hyundai_rotem_v1/package_close_docs/DART_064350_현대로템_최종마감로그_v4_5.csv","DART_064350_현대로템_최종마감로그_v4_5.csv",".csv","616","B44BD65B6942DC1B1D01ABC1901B5AFC2120184C2C311F8B04E3474A61117C8E","0","LOW","","PASS","5","5","log_no | event | result | evidence | created_at","0","0","0","NOT_APPLICABLE","","0","","0"
"064350","현대로템","EC0974326CBDCBD06B36919ABDAC05F9395D0DB7443278C35E39422A3CF158EB","soph_handoff_hyundai_rotem_v1/package_close_docs/DART_064350_현대로템_최종마감로그_v4_6.csv","DART_064350_현대로템_최종마감로그_v4_6.csv",".csv","643","9DD864DE70644081A78F61B1307DFB724345E6D957AFBBD66B34C9D53C93E6DA","0","LOW","","PASS","5","5","log_no | event | result | evidence | created_at","0","0","0","NOT_APPLICABLE","","0","","0"
"064350","현대로템","EC0974326CBDCBD06B36919ABDAC05F9395D0DB7443278C35E39422A3CF158EB","soph_handoff_hyundai_rotem_v1/package_close_docs/DART_064350_현대로템_팀공유문안_v4_6.md","DART_064350_현대로템_팀공유문안_v4_6.md",".md","1294","6D1A91DFCE49DA4D15A1E093B88FB2968A8ADF0D7823638D1FCCA51A8C4602F8","0","LOW","","NOT_APPLICABLE","0","0","","0","0","0","NOT_APPLICABLE","","0","","0"
"064350","현대로템","EC0974326CBDCBD06B36919ABDAC05F9395D0DB7443278C35E39422A3CF158EB","soph_handoff_hyundai_rotem_v1/package_close_docs/DART_064350_현대로템_패키지지도및인계서.md","DART_064350_현대로템_패키지지도및인계서.md",".md","2939","A87D5FADE38213D87BB7980AC91B436D1D5D035775A0CBE83B336BF8B165A4DF","0","LOW","","NOT_APPLICABLE","0","0","","0","0","0","NOT_APPLICABLE","","0","","0"
"064350","현대로템","EC0974326CBDCBD06B36919ABDAC05F9395D0DB7443278C35E39422A3CF158EB","soph_handoff_hyundai_rotem_v1/package_close_docs/package_close_manifest_hyundai_rotem.csv","package_close_manifest_hyundai_rotem.csv",".csv","4435","8A0F7FEAB4A80B79E34DA7173FC94DF2E34801192B64A3DC4E768584F39722DF","0","LOW","","PASS","17","7","package_area | name | path | status | size_bytes | role | created_at","0","0","0","NOT_APPLICABLE","","0","","0"
"064350","현대로템","EC0974326CBDCBD06B36919ABDAC05F9395D0DB7443278C35E39422A3CF158EB","soph_handoff_hyundai_rotem_v1/package_close_docs/package_close_manifest_hyundai_rotem.json","package_close_manifest_hyundai_rotem.json",".json","8068","80C8EBB754CB7D61906274375EE3B71A786FDF02F9BFC45437B32FA7140D9F2A","0","LOW","","NOT_APPLICABLE","0","0","","0","0","0","NOT_APPLICABLE","","0","","0"
"064350","현대로템","EC0974326CBDCBD06B36919ABDAC05F9395D0DB7443278C35E39422A3CF158EB","soph_handoff_hyundai_rotem_v1/package_close_docs/package_close_manifest_hyundai_rotem_v4_5.csv","package_close_manifest_hyundai_rotem_v4_5.csv",".csv","1713","E570B02588437A91B23CCAB26BEF0A45E454C9FC8B6F8FC703EE82F2595B7415","0","LOW","","PASS","15","5","name | status | size_bytes | role | created_at","0","0","0","NOT_APPLICABLE","","0","","0"
"064350","현대로템","EC0974326CBDCBD06B36919ABDAC05F9395D0DB7443278C35E39422A3CF158EB","soph_handoff_hyundai_rotem_v1/package_close_docs/package_close_manifest_hyundai_rotem_v4_5.json","package_close_manifest_hyundai_rotem_v4_5.json",".json","4089","C94D469F11392B786AB97F9B331ED98862940116B12EB06878D238E7341D0E77","0","LOW","","NOT_APPLICABLE","0","0","","0","0","0","NOT_APPLICABLE","","0","","0"
"064350","현대로템","EC0974326CBDCBD06B36919ABDAC05F9395D0DB7443278C35E39422A3CF158EB","soph_handoff_hyundai_rotem_v1/package_close_docs/package_close_manifest_hyundai_rotem_v4_6.csv","package_close_manifest_hyundai_rotem_v4_6.csv",".csv","6795","3FF5AB7012EC41087BC14E0E8DEBD78BF9F65000791450DB96C75A79315CB85D","0","LOW","","PASS","25","6","name | status | path | size_bytes | role | created_at","0","0","0","NOT_APPLICABLE","","0","","0"
"064350","현대로템","EC0974326CBDCBD06B36919ABDAC05F9395D0DB7443278C35E39422A3CF158EB","soph_handoff_hyundai_rotem_v1/package_close_docs/package_close_manifest_hyundai_rotem_v4_6.json","package_close_manifest_hyundai_rotem_v4_6.json",".json","10985","282F27C6B036748B0DB90301CD39B12EB763788D25C3DABC8B8E81A0C56A70BF","0","LOW","","NOT_APPLICABLE","0","0","","0","0","0","NOT_APPLICABLE","","0","","0"
"064350","현대로템","EC0974326CBDCBD06B36919ABDAC05F9395D0DB7443278C35E39422A3CF158EB","soph_handoff_hyundai_rotem_v1/package_close_docs/package_contents_inventory_v4_6.csv","package_contents_inventory_v4_6.csv",".csv","21320","064C98CBF4143EB0DBCE7B4D2A7AA52628EDE21CE010575D480A2E2D0817D228","0","LOW","","PASS","122","5","relative_path | Name | Extension | Length | LastWriteTime","0","0","0","NOT_APPLICABLE","","0","","0"
"064350","현대로템","EC0974326CBDCBD06B36919ABDAC05F9395D0DB7443278C35E39422A3CF158EB","soph_handoff_hyundai_rotem_v1/package_close_docs/package_full_file_inventory_hyundai_rotem.csv","package_full_file_inventory_hyundai_rotem.csv",".csv","22157","2D7AB07DB9A56120A1BF889ACF0C542030F35D757388A116F2FBC629F8412AD8","0","LOW","","PASS","94","7","relative_path | name | type | suffix | size_bytes | last_write_time_note | package_area","0","0","0","NOT_APPLICABLE","","0","","0"
"064350","현대로템","EC0974326CBDCBD06B36919ABDAC05F9395D0DB7443278C35E39422A3CF158EB","soph_handoff_hyundai_rotem_v1/package_close_docs/package_tree_v4_6.txt","package_tree_v4_6.txt",".txt","12894","3D1B525F432E3A87FEFCC59BF2552E6A73B778014F8FD734E6AEC8EFE158A8F0","0","LOW","","NOT_APPLICABLE","0","0","","0","0","0","NOT_APPLICABLE","","0","","0"
"064350","현대로템","EC0974326CBDCBD06B36919ABDAC05F9395D0DB7443278C35E39422A3CF158EB","soph_handoff_hyundai_rotem_v1/package_close_docs/v4_5_final_package_self_check_hyundai_rotem.csv","v4_5_final_package_self_check_hyundai_rotem.csv",".csv","5794","92196B0AB7AB3F3C7FC79301B688174EAF248968F147D81F56A6E83E712FDA7E","0","LOW","","PASS","23","6","check_item | target | status | detail | rule_version | checked_at","0","0","0","NOT_APPLICABLE","","0","","0"
"064350","현대로템","EC0974326CBDCBD06B36919ABDAC05F9395D0DB7443278C35E39422A3CF158EB","soph_handoff_hyundai_rotem_v1/package_close_docs/v4_5_final_package_self_check_hyundai_rotem.json","v4_5_final_package_self_check_hyundai_rotem.json",".json","706","6B9700324303AC65C8E3B16C74EBCAE3D5B4B7B4086E14CFF7E8B005C581E975","0","LOW","","NOT_APPLICABLE","0","0","","0","0","0","NOT_APPLICABLE","","0","","0"
"064350","현대로템","EC0974326CBDCBD06B36919ABDAC05F9395D0DB7443278C35E39422A3CF158EB","soph_handoff_hyundai_rotem_v1/package_close_docs/v4_6_final_package_self_check_hyundai_rotem.csv","v4_6_final_package_self_check_hyundai_rotem.csv",".csv","8058","E1C69E27BEF192F503246B42157291C8FC33B3A9FB3EA74EFA5F43825D101C1B","0","LOW","","PASS","29","6","check_item | target | status | detail | rule_version | checked_at","0","0","0","NOT_APPLICABLE","","0","","0"
"064350","현대로템","EC0974326CBDCBD06B36919ABDAC05F9395D0DB7443278C35E39422A3CF158EB","soph_handoff_hyundai_rotem_v1/package_close_docs/v4_6_final_package_self_check_hyundai_rotem.json","v4_6_final_package_self_check_hyundai_rotem.json",".json","263","6B786B0008E3B2290BF6A9E068FF380D3E57A1D14CED1A75AD66ECAB888C389C","0","LOW","","NOT_APPLICABLE","0","0","","0","0","0","NOT_APPLICABLE","","0","","0"
"064350","현대로템","EC0974326CBDCBD06B36919ABDAC05F9395D0DB7443278C35E39422A3CF158EB","soph_handoff_hyundai_rotem_v1/package_close_docs/visual_materials_toc_hyundai_rotem_v4_6.csv","visual_materials_toc_hyundai_rotem_v4_6.csv",".csv","2453","A45F7BC2721C656C0474B302DE5B177FE722184DC7ED3FC24C339F2DF9DB7CDE","0","LOW","","PASS","18","6","번호 | 자료명 | 위치 | 형식 | 확인내용 | 주의","0","0","0","NOT_APPLICABLE","","0","","0"
"064350","현대로템","EC0974326CBDCBD06B36919ABDAC05F9395D0DB7443278C35E39422A3CF158EB","soph_handoff_hyundai_rotem_v1/pdf_context_evidence_hyundai_rotem.csv","pdf_context_evidence_hyundai_rotem.csv",".csv","88616","BE661DC71110C66A8923E39BD63A3D29913961CE79A5F5B0BBE1A1457191DA68","0","LOW","","PASS","66","45","file_name | source_path | security_id | company_name | document_type | material_type | fiscal_period_filename | filing_date_filename | correction_flag | scope_unit | scope_basis | pdf_physical_page | dart_printed_page | toc_heading | section_heading | item_heading | paragraph_no | sentence_no | line_no | raw_date_text | normalized_date | extracted_year | extracted_month | extracted_day | date_granularity | year_source | year_inference_status | date_format_pattern | extracted_value | extracted_value_role | found_value | value_role_candidate | source_scope_checked | missing_context | can_be_used_as_official_value | evidence_sentence | evidence_paragraph | context_summary | context_validation_status | context_validation_note | unresolved_reason_code | unresolved_reason | rule_id | rule_version | reviewed_at","1","0","0","NOT_APPLICABLE","","0","","0"
"064350","현대로템","EC0974326CBDCBD06B36919ABDAC05F9395D0DB7443278C35E39422A3CF158EB","soph_handoff_hyundai_rotem_v1/recent5y_filter_hyundai_rotem.csv","recent5y_filter_hyundai_rotem.csv",".csv","8780","50BF753B4E58CB6C7840265294F95FA7A126EE48C0F2A1D934ABD33F39985EDD","0","LOW","","PASS","57","8","target_name | report_type | fiscal_period | filing_date | material_type | correction_flag | recent5y_candidate | review_note","0","0","0","NOT_APPLICABLE","","0","","0"
"064350","현대로템","EC0974326CBDCBD06B36919ABDAC05F9395D0DB7443278C35E39422A3CF158EB","soph_handoff_hyundai_rotem_v1/SOPH_HANDOFF_README_064350_현대로템.md","SOPH_HANDOFF_README_064350_현대로템.md",".md","2495","A46851093F173267BE04BF8E41B7725B533310DA172D2039F1800CABC4A35943","0","LOW","","NOT_APPLICABLE","0","0","","0","0","0","NOT_APPLICABLE","","0","","0"
"064350","현대로템","EC0974326CBDCBD06B36919ABDAC05F9395D0DB7443278C35E39422A3CF158EB","soph_handoff_hyundai_rotem_v1/SOPH_HANDOFF_README_064350_현대로템_v4_4.md","SOPH_HANDOFF_README_064350_현대로템_v4_4.md",".md","2127","279E5FAC20D1828D10A11C7743F9CD975154EE4DB237067641DAD7FB6B2B7498","0","LOW","","NOT_APPLICABLE","0","0","","0","0","0","NOT_APPLICABLE","","0","","0"
"064350","현대로템","EC0974326CBDCBD06B36919ABDAC05F9395D0DB7443278C35E39422A3CF158EB","soph_handoff_hyundai_rotem_v1/SOPH_HANDOFF_README_064350_현대로템_v4_5.md","SOPH_HANDOFF_README_064350_현대로템_v4_5.md",".md","1833","3089549DC8CE0AF3C22232FF728D46494280C7C704BAD8968DEC171FC691421A","0","LOW","","NOT_APPLICABLE","0","0","","0","0","0","NOT_APPLICABLE","","0","","0"
"064350","현대로템","EC0974326CBDCBD06B36919ABDAC05F9395D0DB7443278C35E39422A3CF158EB","soph_handoff_hyundai_rotem_v1/SOPH_HANDOFF_README_064350_현대로템_v4_6.md","SOPH_HANDOFF_README_064350_현대로템_v4_6.md",".md","1445","9FBD8A5D4954E58204820B947DFBBA34A123ED393AC53171B42853EE170ADAB5","0","LOW","","NOT_APPLICABLE","0","0","","0","0","0","NOT_APPLICABLE","","0","","0"
"064350","현대로템","EC0974326CBDCBD06B36919ABDAC05F9395D0DB7443278C35E39422A3CF158EB","soph_handoff_hyundai_rotem_v1/v4_2_context_integrity_check_hyundai_rotem.csv","v4_2_context_integrity_check_hyundai_rotem.csv",".csv","4401","93966730AF99D3CD05C0E08D5BE53554372F7DB35902C47BA1741D9BCBE0CEBA","0","LOW","","PASS","39","6","check_item | sheet_name | status | detail | rule_version | checked_at","0","0","0","NOT_APPLICABLE","","0","","0"
"064350","현대로템","EC0974326CBDCBD06B36919ABDAC05F9395D0DB7443278C35E39422A3CF158EB","soph_handoff_hyundai_rotem_v1/v4_4_memo_thread_integrity_check_hyundai_rotem.csv","v4_4_memo_thread_integrity_check_hyundai_rotem.csv",".csv","8727","172ADD609827F5FCAC215981E9846F8DAC9CF7AE3CE10577A277A9C5D2D718DE","0","LOW","","PASS","65","6","check_item | target | status | detail | rule_version | checked_at","0","0","0","NOT_APPLICABLE","","0","","0"
"064350","현대로템","EC0974326CBDCBD06B36919ABDAC05F9395D0DB7443278C35E39422A3CF158EB","soph_handoff_hyundai_rotem_v1/v4_5_quality_transparency_integrity_check_hyundai_rotem.csv","v4_5_quality_transparency_integrity_check_hyundai_rotem.csv",".csv","9636","CAAA74F114DA0409B77B0086405293BD1C31E800B441DEC8BAB769460C4B712E","0","LOW","","PASS","65","6","check_item | target | status | detail | rule_version | checked_at","0","0","0","NOT_APPLICABLE","","0","","0"
"064350","현대로템","EC0974326CBDCBD06B36919ABDAC05F9395D0DB7443278C35E39422A3CF158EB","soph_handoff_hyundai_rotem_v1/v4_6_visual_quality_integrity_check_hyundai_rotem.csv","v4_6_visual_quality_integrity_check_hyundai_rotem.csv",".csv","7000","B17A23911F700076FB7EBAD207598419862B46B983283341817D51D213012E19","0","LOW","","PASS","49","6","check_item | target | status | detail | rule_version | checked_at","0","0","0","NOT_APPLICABLE","","0","","0"
