market_date,시가,고가,저가,종가,거래량,거래대금,상장시가총액
2025-10-01,477.16,479.81,476.49,479.37,89111956,8465683888338,2528144432814190
2025-10-02,491.25,498.22,489.53,493.41,160777307,16146295332382,2601843071314530
2025-10-10,504.2,508.52,500.49,506.97,168784344,16405367541664,2651382088461465
2025-10-13,496.45,501.87,492.46,501.87,135812608,11888268683972,2632445573343325
2025-10-14,505.46,511.59,493.06,496.89,161909306,14998001187994,2616222663926530
2025-10-15,499.89,511.13,499.21,510.55,119826480,11188714177532,2687533871540250
2025-10-16,513.17,524.45,513.08,524.45,146210354,14197197678240,2759099263975280
2025-10-17,522.18,532.28,520.58,525.48,151503580,14168888290044,2762638322680220
2025-10-20,529.82,535.28,522.07,535.28,119835343,11406982981852,2812844418974130
2025-10-21,540.75,546.96,534.23,535.28,159419522,15000665760075,2820383216270955
2025-10-22,534.98,542.59,529.59,542.59,118053302,12308199168827,2864384221138585
2025-10-23,534.75,545.12,532.84,536.37,128016066,13177687089012,2834223056039820
2025-10-24,543.65,551.51,542.68,550.01,157073626,14303911915979,2908552367324865
2025-10-27,558.99,565.79,558.6,565.69,180341731,16024748268155,2986852970406830
2025-10-28,560.19,561.5,554.75,559.51,162837281,16146872593589,2960116067658160
2025-10-29,567.44,571.97,560.25,571.51,188761239,18255581122990,3015785023225435
2025-10-30,574.75,582.25,571.79,575.21,204784275,20013832772372,3023391364305005
2025-10-31,575.08,581.25,570.91,579.46,205200446,19827829103498,3038467148072140
2025-11-03,580.81,599.05,580.73,599.03,164804792,18514513462551,3127617535422240
2025-11-04,598.0,599.47,581.41,581.94,162337704,17469235742005,3049092382764695
2025-11-05,571.41,571.41,543.86,565.4,236220266,23623169310295,2961627320405075
2025-11-06,578.79,581.35,562.2,568.38,199430248,17919021972230,2978665666307945
2025-11-07,558.74,570.79,548.34,557.98,176080679,15872341100494,2925605474049330
2025-11-10,564.02,578.77,562.63,575.31,146296447,13888592027825,3013178902662520
2025-11-11,583.58,594.12,575.15,581.41,169620003,16681192529015,3040140150153290
2025-11-12,579.17,588.07,577.51,586.73,139842092,12788793795736,3070924102651150
2025-11-13,583.38,591.98,582.82,588.65,161799993,15051365622415,3086936686952320
2025-11-14,571.98,576.37,563.42,563.43,141863655,15120968365404,2965195657580740
2025-11-17,574.43,576.85,569.9,576.65,107323301,11122428436424,3023994714589170
2025-11-18,569.37,573.9,556.15,556.45,122931445,11813020383596,2922393506357670
2025-11-19,557.76,557.88,541.85,552.66,118248527,12058942242365,2902431953868030
2025-11-20,569.22,573.29,563.7,564.2,111501238,12319688106214,2957968367777790
2025-11-21,550.07,550.88,538.04,540.36,103450510,12068234410202,2842651634169810
2025-11-24,550.52,551.9,539.52,540.81,162098091,18529068798858,2833713406297500
2025-11-25,556.54,557.61,540.82,544.62,100256651,10925142416488,2853183543762990
2025-11-26,549.12,559.48,545.08,559.37,116290895,13429889811869,2931990797143250
2025-11-27,564.24,569.77,560.23,563.36,88209179,10826715877389,2943187118390590
2025-11-28,564.36,564.36,553.48,554.0,91243333,9877928601900,2893090947866700
2025-12-01,560.57,562.11,549.03,553.96,91555550,9270495113712,2889792254887010
2025-12-02,556.85,566.03,556.02,565.72,120256512,10018869965678,2944680184579070
2025-12-03,567.89,573.84,564.19,570.79,110177043,11298810281757,2975316095670310
2025-12-04,567.36,569.76,562.52,569.75,109687900,10695868421185,2969482745018210
2025-12-05,568.41,580.81,565.48,580.81,126764237,12851299789834,3024063497138930
2025-12-08,581.89,589.17,577.3,589.17,111139438,12237454646467,3067614145807820
2025-12-09,585.3,588.43,582.63,585.76,98607760,10504255139757,3056839798205190
2025-12-10,588.23,591.74,583.64,585.52,87321761,9841793552860,3051424126782140
2025-12-11,589.39,591.32,579.83,580.16,154793989,15299316939237,3029737291884700
2025-12-12,581.71,588.71,581.14,587.93,134283074,13318462341514,3101609734729490
2025-12-15,570.01,579.52,569.39,574.49,124380104,12469513585877,3050747205377220
2025-12-16,574.54,575.5,561.33,561.52,142672531,13799757001370,2980468687222580
2025-12-17,564.59,573.54,561.4,572.62,124794483,10834007609334,3025847310992840
2025-12-18,563.33,570.54,562.1,565.65,109568405,10948986783243,2978381228297330
2025-12-19,575.27,575.27,566.19,568.4,152159436,13851009319485,2998095761094870
2025-12-22,580.63,582.73,578.85,582.73,122019156,11119622785488,3064976517049570
2025-12-23,585.43,588.56,583.55,584.64,135790531,11048668360396,3075083820166230
2025-12-24,587.37,588.03,583.86,584.21,97836195,9287328154162,3068961572967850
2025-12-26,587.89,592.2,586.92,590.08,126876330,13552551666582,3086974464303250
2025-12-29,594.65,605.69,594.44,605.69,111589666,12419080270819,3160794443209600
2025-12-30,601.72,608.4,600.67,605.98,91734015,11239645896745,3156485240919530
2026-01-02,607.66,624.87,607.39,624.17,125317691,15243079454916,3233071155647160
2026-01-05,638.01,648.74,636.46,648.74,166466217,20021350866832,3350065817905140
2026-01-06,645.59,659.45,637.0,659.45,184052568,23057915059573,3403511422294120
2026-01-07,667.22,674.86,653.93,664.48,194500412,26253870622965,3426387636567280
2026-01-08,660.52,677.27,659.96,664.18,200276962,25019365784343,3430691708341520
2026-01-09,659.63,670.32,654.79,668.25,177217065,21419135391493,3458394484605160
2026-01-12,676.95,678.91,664.05,672.86,187626153,21076775823112,3487992293788020
2026-01-13,678.34,681.24,673.13,680.71,192634332,23319625865213,3541798569295150
2026-01-14,679.26,685.76,677.64,685.76,202978907,21549569346273,3563666105849870
2026-01-15,682.52,696.39,681.68,696.39,197795126,21020524084611,3621724552486770
2026-01-16,699.71,706.94,696.49,704.64,247059735,23418716639598,3656425585083070
2026-01-19,702.23,716.58,702.02,713.96,195181678,22251880874279,3706560032149470
2026-01-20,713.22,716.96,699.93,708.48,256927322,24008360824983,3689401098115590
2026-01-21,696.91,715.63,696.83,714.94,213030289,26745359610799,3712133138924000
2026-01-22,728.23,733.98,718.7,722.3,257999058,29369791998907,3743758747268490
2026-01-23,726.8,732.53,717.12,727.29,257421629,27015976242052,3770645347509190
2026-01-26,728.49,732.66,719.04,720.04,177152042,20118663415744,3737317045120780
2026-01-27,717.36,745.13,711.51,745.13,185794466,25241097685892,3844535683476940
2026-01-28,753.98,761.58,749.77,758.72,218425712,27551032558277,3911830713512410
2026-01-29,771.32,773.18,743.16,765.59,245523715,32129964831462,3949473903571760
2026-01-30,763.87,784.61,763.46,768.41,222394688,31125518820218,3951727529255360
2026-02-02,752.06,764.14,723.51,725.46,202974953,28441505557470,3738319059645200
2026-02-03,751.94,779.54,750.05,779.54,217802851,26305700839607,3999690369466630
2026-02-04,773.48,791.66,770.47,790.38,296603562,25900522064945,4062207556674130
2026-02-05,769.61,778.62,753.8,756.95,281853662,27667904270676,3897279883502890
2026-02-06,734.22,753.39,718.27,748.1,251862650,26332484233932,3841491151187440
2026-02-09,782.04,784.97,775.96,780.94,218256161,23066277757790,4003517979691550
2026-02-10,788.76,791.68,779.69,780.76,347476005,20208823296232,4004170023547980
2026-02-11,778.25,792.23,772.41,788.75,251074933,21990019738668,4044758668924090
2026-02-12,800.15,816.28,796.36,816.28,316178805,28470992278016,4175592947513020
2026-02-13,815.97,827.14,811.16,814.59,333808929,25007077573611,4161419145907470
2026-02-19,836.12,841.95,830.57,840.24,391887216,23817885884642,4291754315889120
2026-02-20,842.56,860.22,839.98,859.59,352723139,25929798657371,4392583157793550
2026-02-23,874.93,879.85,856.9,865.49,356734213,25552347641052,4404444516154590
2026-02-24,866.44,886.95,855.13,886.88,253471817,25230205842077,4501901930168480
2026-02-25,895.38,913.67,888.96,903.83,348757578,29675266263227,4592814082551610
2026-02-26,910.73,945.17,908.12,944.02,361834890,32435082847436,4771761603655300
2026-02-27,924.59,951.62,918.77,933.34,366998200,48153289690520,4723683378216690
2026-03-03,921.46,922.03,859.3,859.4,417162359,46225160333542,4372867287425920
2026-03-04,827.46,845.52,751.45,756.79,443233929,55137639198110,3842186948595310
2026-03-05,775.83,855.65,775.26,831.22,310627105,37905418042802,4215373838940290
2026-03-06,815.04,833.08,797.9,828.83,230774973,26531982773315,4213208270266540
2026-03-09,777.67,786.66,751.42,775.31,223897220,28637284546998,3956307349756840
2026-03-10,820.11,833.94,806.41,823.02,192466941,24422233390272,4175129080474670
2026-03-11,842.21,854.96,825.81,834.05,216377577,22517686066732,4233679438518760
2026-03-12,826.36,836.64,819.77,827.51,187421991,19213651317744,4209129606027760
2026-03-13,800.34,821.54,797.11,812.93,238039544,19670294328079,4132893942760280
2026-03-16,817.51,828.38,809.06,826.83,160558981,17478309633247,4184067396982220
2026-03-17,853.4,854.39,839.5,840.89,144432939,16775088288434,4253665459058640
2026-03-18,861.48,890.41,860.77,888.57,300673278,21885355656970,4476653016228640
2026-03-19,861.23,878.88,857.73,862.37,204279795,17564117018149,4347848556380930
2026-03-20,869.58,871.86,859.83,862.5,321284413,26660699869321,4355916066406090
2026-03-23,829.96,829.96,803.42,804.86,211021214,21666351510661,4066550360241380
2026-03-24,841.92,842.94,803.08,827.64,203646865,20231219170529,4182509833903380
2026-03-25,847.46,857.63,837.43,838.7,180789995,20483026765313,4246614722561780
2026-03-26,829.6,830.62,807.13,808.89,169415221,20953406498363,4105820451591690
2026-03-27,783.41,809.78,772.21,805.19,198591710,20585078258520,4088539204953030
2026-03-30,765.53,783.3,761.08,780.32,151376066,17188474509842,3965382140414780
2026-03-31,757.62,772.81,743.29,744.57,186407439,24590023226455,3790439772506400
2026-04-01,789.35,819.67,780.98,813.84,235241996,24926793887941,4119830823662560
2026-04-02,825.52,829.81,764.34,774.63,234908568,27444613015265,3932807059276870
2026-04-03,797.34,804.95,788.39,798.32,176553913,16773601085876,4042036651569910
2026-04-06,806.59,820.23,804.43,811.84,163954959,17176800502488,4101179791429220
2026-04-07,829.9,836.08,809.26,821.1,179839003,19811242444556,4138870705648710
2026-04-08,872.13,892.17,866.77,882.81,296823827,31729374139866,4431486253570390
2026-04-09,874.49,879.98,862.13,865.75,290096697,28953467312066,4357528351559870
2026-04-10,882.3,890.08,877.3,878.78,207879498,19044523845212,4416219262859530
2026-04-13,857.95,874.35,857.01,870.78,146468373,16804901194459,4374089461112170
2026-04-14,895.98,907.4,891.74,897.0,187156017,22483652925376,4482087774666470
2026-04-15,926.1,933.04,912.4,916.6,293897533,26959810674629,4578042983578520
2026-04-16,925.05,938.87,920.93,937.87,217984024,21865215228047,4681502264341120
2026-04-17,938.0,938.98,926.77,931.41,214563032,20354894960365,4651918349764360
2026-04-20,935.02,945.91,929.08,935.75,152808885,19541272634151,4672687678412630
2026-04-21,949.37,962.47,949.24,962.26,284427826,26653845653045,4805036444854140
2026-04-22,961.97,966.08,949.42,964.52,198271372,25129964644147,4823751191771280
2026-04-23,975.5,989.88,948.19,975.62,279701543,34212903489116,4867185599004390
2026-04-24,978.27,981.72,960.09,971.87,193453256,24573922402194,4860440470449440
2026-04-27,980.35,1002.78,980.02,995.33,192696465,27510002656006,4966912618550130
2026-04-28,1000.71,1011.6,995.35,999.03,287847670,30621222518824,4986884884480850
2026-04-29,994.38,1009.87,991.46,1006.59,190009715,25079365858263,5023611479136780
2026-04-30,1015.18,1017.96,991.91,992.15,215968213,29284456311948,4953741175603240
2026-05-04,1022.41,1049.87,1014.85,1049.66,344438210,36528804116448,5218647548852110
2026-05-06,1076.73,1137.23,1076.73,1129.63,431710932,51594063535055,5572248259150870
2026-05-07,1150.18,1156.72,1110.37,1149.86,304458897,44563640888172,5658520854488980
2026-05-08,1124.95,1153.8,1120.24,1151.17,223186308,35990654522623,5663003948255730
2026-05-11,1201.01,1226.18,1192.24,1211.44,354182033,46531273557670,5923698550495280
2026-05-12,1233.82,1241.39,1148.24,1183.41,337339887,59253062022246,5786231657472400
2026-05-13,1158.87,1222.53,1143.13,1220.17,247076417,44647792328798,5946245819236475
2026-05-14,1223.66,1246.61,1220.36,1243.17,312884395,45677077486707,6052837515951540
2026-05-15,1236.66,1253.67,1143.19,1162.39,360427453,52546997214769,5674783477197500
2026-05-18,1154.84,1193.32,1109.59,1171.3,223882429,39450394915615,5696471198947860
2026-05-19,1154.09,1159.13,1110.81,1132.42,213165540,34101830563105,5507743444556840
2026-05-20,1141.57,1142.24,1097.82,1125.51,198631433,36425497296519,5465586624879105
2026-05-21,1171.1,1226.59,1170.63,1225.22,216590243,38445828804360,5937371868698570
2026-05-22,1232.73,1235.4,1214.77,1226.03,165631621,27518898489997,5954935142996345
2026-05-26,1262.2,1274.96,1252.13,1260.53,197797644,35947633753180,6112226645622795
2026-05-27,1296.31,1340.85,1291.71,1298.86,282705950,51209811832782,6266026167668990
2026-05-28,1287.18,1305.67,1235.32,1292.57,235136914,47404077506833,6235499345743540
2026-05-29,1327.15,1343.14,1310.59,1342.82,436024295,73843012312962,6470569557899800
2026-06-01,1344.09,1412.58,1343.96,1399.91,339002049,66732983997101,6722637739839555
2026-06-02,1419.07,1430.49,1353.19,1407.23,318628838,63504232543623,6738076361591060
2026-06-04,1374.74,1402.04,1367.15,1379.56,192907932,43162683062044,6605692278144540
2026-06-05,1323.25,1338.13,1278.65,1297.02,199470293,44729607853977,6231443094675910
2026-06-08,1282.81,1282.81,1177.72,1186.54,201013671,44632844274615,5710100994942150
2026-06-09,1221.75,1297.79,1206.94,1293.4,205353052,42770727099543,6183172115667445
2026-06-10,1258.44,1274.61,1197.04,1227.12,198333092,36129215184697,5893939232439095
2026-06-11,1190.75,1243.45,1171.45,1231.54,215946096,42247085680937,5915679753825930
2026-06-12,1317.78,1345.97,1285.48,1291.32,249425155,47785005687508,6208161445625240
2026-06-15,1360.33,1370.94,1346.15,1360.26,277680010,36372209898890,6537580402245060
2026-06-16,1386.42,1396.59,1357.84,1391.74,256282437,35447978789660,6678398617235880
2026-06-17,1372.13,1418.39,1370.26,1416.97,205527214,31473372598994,6786943470910220
2026-06-18,1420.99,1466.74,1420.95,1459.23,179829938,45319524633098,6952087394864900
2026-06-19,1499.31,1518.11,1423.84,1459.48,228408636,62431942655298,6950391167358345
2026-06-22,1442.16,1500.12,1434.1,1477.22,143407365,38605825752313,7005702086164200
2026-06-23,1470.75,1487.31,1320.8,1321.7,196780379,57390835164322,6294825155063615
2026-06-24,1348.99,1389.53,1300.92,1369.62,181819846,52454909998781,6506513164776290
2026-06-25,1408.25,1473.83,1405.73,1454.15,159439291,47452446260448,6872410340696050
2026-06-26,1433.15,1441.9,1318.56,1366.49,202731327,50219855541278,6466578455604610
2026-06-29,1352.07,1377.12,1311.25,1352.54,169408387,39787382826301,6442581959468920
2026-06-30,1356.86,1404.1,1325.41,1370.73,141472156,38507186693376,6507869449343610
2026-07-01,1388.86,1396.54,1309.84,1335.36,164166644,35587386172070,6362998507314190
