"security_id","company_name","column_name","is_candidate_column","nonblank_count","blank_count","unique_value_count","sample_values"
"010120","LS일렉트릭","report_type_kr","True","22","0","3","사업보고서 | 분기보고서 | 반기보고서"
"010120","LS일렉트릭","filing_date","False","22","0","22","2021-03-19 | 2021-05-17 | 2021-08-17 | 2021-11-15 | 2022-03-18 | 2022-05-16 | 2022-08-16 | 2022-11-14 | 2023-03-20 | 2023-05-15"
"010120","LS일렉트릭","fiscal_period_inferred","False","22","0","22","FY2020 (연간, 2020.01-2020.12) | FY2021 1분기 (2021.01-2021.03) | FY2021 반기 (2021.01-2021.06) | FY2021 3분기 (2021.07-2021.09) | FY2021 (연간, 2021.01-2021.12) | FY2022 1분기 (2022.01-2022.03) | FY2022 반기 (2022.01-2022.06) | FY2022 3분기 (2022.07-2022.09) | FY2022 (연간, 2022.01-2022.12) | FY2023 1분기 (2023.01-2023.03)"
"010120","LS일렉트릭","is_revision","False","22","0","2","False | True"
"010120","LS일렉트릭","pdf_file_name","False","22","0","22","[엘에스일렉트릭]사업보고서(2021.03.19).pdf | [엘에스일렉트릭]분기보고서(2021.05.17).pdf | [엘에스일렉트릭]반기보고서(2021.08.17).pdf | [엘에스일렉트릭]분기보고서(2021.11.15).pdf | [엘에스일렉트릭]사업보고서(2022.03.18).pdf | [엘에스일렉트릭]분기보고서(2022.05.16).pdf | [엘에스일렉트릭]반기보고서(2022.08.16).pdf | [엘에스일렉트릭]분기보고서(2022.11.14).pdf | [엘에스일렉트릭]사업보고서(2023.03.20).pdf | [엘에스일렉트릭]분기보고서(2023.05.15).pdf"
"010120","LS일렉트릭","pdf_sha256","False","22","0","22","9da52dd1d76419c529e596f09a188360fd6d2e98aba182767d0f1240f91407b2 | 57f59c3386baef57efe246c48604bbf6663d825b51a99e03c7658483a31d22a3 | 390d7a5c9f10b40d6cc9f59b9b62e3e71594f6a0936c56684d9011e0fe3da9db | 6a00dba92e710fc9658acb0eace3f0737a7286f0f2ddaba2a1c9167266113248 | 276824e84a143e915ad9b00927c425c5a30313624b44d7e43a2cb0919625ece9 | 76067ad5983249c509114bd8391a786abfe550365198a7d8d1174371a486cdc1 | 524a7a027aae6e79a7948f66faca7e8ee0e90d909b4124bade2eb312697eba72 | 18481746c7b3149cd9c9b2a8506676d7dcaa775eab264f61b512f9b5fccdd7eb | 14e8fe49d9a28a4fda28637bc2aefeab5f0bfd7607a3a835ecc7d30a059fc0b2 | e67e4cb3310cccf517edc463831c7024bf7a8c677bf0705a0389dc1be038a5a5"
"010120","LS일렉트릭","xbrl_zip_file_name","False","22","0","22","[엘에스일렉트릭]사업보고서_IFRS(원문XBRL)(2021.03.19).zip | [엘에스일렉트릭]분기보고서_IFRS(원문XBRL)(2021.05.17).zip | [엘에스일렉트릭]반기보고서_IFRS(원문XBRL)(2021.08.17).zip | [엘에스일렉트릭]분기보고서_IFRS(원문XBRL)(2021.11.15).zip | [엘에스일렉트릭]사업보고서_IFRS(원문XBRL)(2022.03.18).zip | [엘에스일렉트릭]분기보고서_IFRS(원문XBRL)(2022.05.16).zip | [엘에스일렉트릭]반기보고서_IFRS(원문XBRL)(2022.08.16).zip | [엘에스일렉트릭]분기보고서_IFRS(원문XBRL)(2022.11.14).zip | [엘에스일렉트릭]사업보고서_IFRS(원문XBRL)(2023.03.20).zip | [엘에스일렉트릭]분기보고서_IFRS(원문XBRL)(2023.05.15).zip"
"010120","LS일렉트릭","xbrl_zip_sha256","False","22","0","22","7202fb233483a07a108709630d1796c55d6ddcd6ba97ce008be30d64af68fec0 | bc5f0dd2fb2264ae5f86410b7810081a9bcafccf32f3186e10b109df00902561 | d13d7468a559594fada6f76f8688d01772bffb19317ff7a48dc56ea405b04558 | 064a60c6b216c0296b2b6144152442d3cac9f8e783a4e3199fd9c40a11377098 | d4afb0a52b0ee54a1bf37344515aa5f5720ce37d7b2936bb2203833a21c56492 | ef009edf18f91fcde6d90293b6f514877b14afe85b1154f544d04972e7f5c74c | ec0802ed4274c765b370b7c569bd1ded2e8a201744c0f73f4a3d74f0c6505584 | 2ffcf40ddf912de39877b4b7744be22ce27fc46cc0b0600a3165effd8ebb2deb | 5e757900b8066f3bb94761337d2379d524a9404df0e43879323c4769f09affca | da4f5e2eb0ad01fcbae7fb1a59fabaa5456fa567e6eb185b879a6b5937f39972"
"010120","LS일렉트릭","pair_status","True","22","0","1","PAIRED"
"012450","한화에어로스페이스","report_type","True","19","0","3","반기보고서 | 분기보고서 | 사업보고서"
"012450","한화에어로스페이스","filing_date","False","19","0","18","2021.08.17 | 2021.11.12 | 2022.05.16 | 2022.08.12 | 2022.11.11 | 2023.03.21 | 2023.05.12 | 2023.08.11 | 2023.11.14 | 2024.03.29"
"012450","한화에어로스페이스","corrected_disclosure","False","19","0","2","Y | N"
"012450","한화에어로스페이스","pdf_file","False","19","0","19","[한화에어로스페이스][정정]반기보고서(2021.08.17).pdf | [한화에어로스페이스]분기보고서(2021.11.12).pdf | [한화에어로스페이스]분기보고서(2022.05.16).pdf | [한화에어로스페이스]반기보고서(2022.08.12).pdf | [한화에어로스페이스][정정]사업보고서(2022.08.12).pdf | [한화에어로스페이스]분기보고서(2022.11.11).pdf | [한화에어로스페이스][정정]사업보고서(2023.03.21).pdf | [한화에어로스페이스]분기보고서(2023.05.12).pdf | [한화에어로스페이스]반기보고서(2023.08.11).pdf | [한화에어로스페이스]분기보고서(2023.11.14).pdf"
"012450","한화에어로스페이스","xbrl_zip_file","False","19","0","19","[한화에어로스페이스][정정]반기보고서_IFRS(원문XBRL)(2021.08.17).zip | [한화에어로스페이스]분기보고서_IFRS(원문XBRL)(2021.11.12).zip | [한화에어로스페이스]분기보고서_IFRS(원문XBRL)(2022.05.16).zip | [한화에어로스페이스]반기보고서_IFRS(원문XBRL)(2022.08.12).zip | [한화에어로스페이스][정정]사업보고서_IFRS(원문XBRL)(2022.08.12).zip | [한화에어로스페이스]분기보고서_IFRS(원문XBRL)(2022.11.11).zip | [한화에어로스페이스][정정]사업보고서_IFRS(원문XBRL)(2023.03.21).zip | [한화에어로스페이스]분기보고서_IFRS(원문XBRL)(2023.05.12).zip | [한화에어로스페이스]반기보고서_IFRS(원문XBRL)(2023.08.11).zip | [한화에어로스페이스]분기보고서_IFRS(원문XBRL)(2023.11.14).zip"
"012450","한화에어로스페이스","pair_status","True","19","0","1","PAIRED"
"018260","삼성SDS","report_type_kr","True","23","0","3","분기보고서 | 사업보고서 | 반기보고서"
"018260","삼성SDS","filing_date","False","23","0","23","2020-11-16 | 2021-03-09 | 2021-05-17 | 2021-08-17 | 2021-11-15 | 2022-03-08 | 2022-05-16 | 2022-08-16 | 2022-11-14 | 2023-03-07"
"018260","삼성SDS","fiscal_period_inferred","False","23","0","23","FY2020 3분기 (2020.07-2020.09) | FY2020 (연간, 2020.01-2020.12) | FY2021 1분기 (2021.01-2021.03) | FY2021 반기 (2021.01-2021.06) | FY2021 3분기 (2021.07-2021.09) | FY2021 (연간, 2021.01-2021.12) | FY2022 1분기 (2022.01-2022.03) | FY2022 반기 (2022.01-2022.06) | FY2022 3분기 (2022.07-2022.09) | FY2022 (연간, 2022.01-2022.12)"
"018260","삼성SDS","is_revision","False","23","0","2","False | True"
"018260","삼성SDS","pdf_file_name","False","23","0","23","[삼성에스디에스]분기보고서(2020.11.16).pdf | [삼성에스디에스]사업보고서(2021.03.09).pdf | [삼성에스디에스]분기보고서(2021.05.17).pdf | [삼성에스디에스]반기보고서(2021.08.17).pdf | [삼성에스디에스]분기보고서(2021.11.15).pdf | [삼성에스디에스]사업보고서(2022.03.08).pdf | [삼성에스디에스]분기보고서(2022.05.16).pdf | [삼성에스디에스]반기보고서(2022.08.16).pdf | [삼성에스디에스]분기보고서(2022.11.14).pdf | [삼성에스디에스]사업보고서(2023.03.07).pdf"
"018260","삼성SDS","pdf_sha256","False","23","0","23","98ce6e15a74a935ef1607a53477d7025a380bb986344ce78356a731c3f447a4e | 31b083deac27bfdfaf2b8308aa2d0686118a65c9005725ae33726ae90e1f44b1 | adea656e2d3b53b78a4a80368544fd5d85e447ecce305696ef72ab0c270c88bd | fe2b2d571d03a1e79a52726b1da6c3ae25653baba121fb32b24ed7ba404e6a93 | 53ee6e99a948eb679a7947d9190f388e894ea5460733f39639573cf5ff95d572 | 8809db0e98d01a58e3d04d6e14434451a3da334f85c3d36413f9c873bd503742 | aae0595bb58fcebab22a78e6b5052f448abdae080397d82c3a5b6edb4b7af419 | 1374766bcdd3d158e4f258c12778b5f929627fe134ad779526fa0ee257240b7e | 2150708473628ab2ad5eaf652607bf98bcb7a0be9edd1ce4fc48c84b38bd44b7 | b4c5d71f92b8bd2c41da52fb26ee9f71df7d43facea026d78a82ac164ba8873f"
"018260","삼성SDS","xbrl_zip_file_name","False","23","0","23","[삼성에스디에스]분기보고서_IFRS(원문XBRL)(2020.11.16).zip | [삼성에스디에스]사업보고서_IFRS(원문XBRL)(2021.03.09).zip | [삼성에스디에스]분기보고서_IFRS(원문XBRL)(2021.05.17).zip | [삼성에스디에스]반기보고서_IFRS(원문XBRL)(2021.08.17).zip | [삼성에스디에스]분기보고서_IFRS(원문XBRL)(2021.11.15).zip | [삼성에스디에스]사업보고서_IFRS(원문XBRL)(2022.03.08).zip | [삼성에스디에스]분기보고서_IFRS(원문XBRL)(2022.05.16).zip | [삼성에스디에스]반기보고서_IFRS(원문XBRL)(2022.08.16).zip | [삼성에스디에스]분기보고서_IFRS(원문XBRL)(2022.11.14).zip | [삼성에스디에스]사업보고서_IFRS(원문XBRL)(2023.03.07).zip"
"018260","삼성SDS","xbrl_zip_sha256","False","23","0","23","98768f5f5e4ea7663c40bd3bdabb28f999411ca42f79fdddd95c6cb3c9a51b0b | c6b7e105c5f35d6faabb76a74fd6b8d42d8caa51d0883b09a49668e2ffe76520 | a26950d2d703bdcabc8ac985e384edf64cfc0f6da6b531f4a74159f34ee48c11 | 28eb7e99a6cf9720a88aa7cd821ebf5e4240d49b62ef70ea3643e812404b838d | a91b49149e96673d16e2724cc4f06e6e88c1532f47f1359d6d1c0fdf94046e97 | 9c4c64f2da535b95115dab3b98972ca9af69f5bb53a63a34d7f9bdc970dd2d7a | edbce9d0a2ea11b56971bd445a67e1b3716e601e589741d2bba0b45584cf5691 | 924faf1df0d19d55c14d809db917475effae5b8702f37560594c9df32c31f0b7 | a78b7f5bd329544ff26cc6eb743367c4ff7299aa54322346e39f66da1c5d2b51 | 21ae621a5c8c7cc08f2622218200a39d7406ae3573f278400f203b76a04c116f"
"018260","삼성SDS","pair_status","True","23","0","1","PAIRED"
"267260","HD현대일렉트릭","report_type_kr","True","24","0","3","반기보고서 | 분기보고서 | 사업보고서"
"267260","HD현대일렉트릭","filing_date","False","24","0","24","2020-08-14 | 2020-11-16 | 2021-03-15 | 2021-05-17 | 2021-08-17 | 2021-11-15 | 2022-03-11 | 2022-05-16 | 2022-08-16 | 2022-11-14"
"267260","HD현대일렉트릭","is_revision","False","24","0","2","False | True"
"267260","HD현대일렉트릭","pdf_file_name","False","24","0","24","[HD현대일렉트릭]반기보고서(2020.08.14).pdf | [HD현대일렉트릭]분기보고서(2020.11.16).pdf | [HD현대일렉트릭]사업보고서(2021.03.15).pdf | [HD현대일렉트릭]분기보고서(2021.05.17).pdf | [HD현대일렉트릭]반기보고서(2021.08.17).pdf | [HD현대일렉트릭]분기보고서(2021.11.15).pdf | [HD현대일렉트릭]사업보고서(2022.03.11).pdf | [HD현대일렉트릭]분기보고서(2022.05.16).pdf | [HD현대일렉트릭]반기보고서(2022.08.16).pdf | [HD현대일렉트릭]분기보고서(2022.11.14).pdf"
"267260","HD현대일렉트릭","pdf_sha256","False","24","0","24","43F16BC465D91BB9BD7941554ADA2C1E41693EFA802922BD3CCF40B2DBE13120 | 49EF76D1F8B1CBCD92B93D360EEA99554312B09427A8A17BD0E3C404D14A0793 | 35E2724D5428BA231214996E5EA69A3CC516E153EC791DB6F99747A9B59F9CF8 | D90EDE85E47ACF74544ED23EB779545AEB0FF9BA58724F25EEBDA97C9D5FC0E3 | 840792B60AAB23F70B748B836CCAADED6B19F847C4FC5BA0937EBDCED70E2288 | 611C9DABF9A5CE8C78D80DF0A1DA1184CCC6971C71D629556FD516E951D47183 | AE8DF195B78C4C4D0288C197F2B63B6D72AB188F22413B98B25B0206EEAEF3FD | DE9224D836363F6E9C02C242F98F541161A871FD86BCDD57866D77828FD218BA | B39EBD7C308D3796550A597B0267865CED12D04DFD782612F6EB62D85BBAA64D | 96198A76866FD54B89D91EB1F3E6EA20EA5EDC9F4F5AB66D48961FF97F1D8450"
"267260","HD현대일렉트릭","xbrl_zip_file_name","False","24","0","24","[HD현대일렉트릭]반기보고서_IFRS(원문XBRL)(2020.08.14).zip | [HD현대일렉트릭]분기보고서_IFRS(원문XBRL)(2020.11.16).zip | [HD현대일렉트릭]사업보고서_IFRS(원문XBRL)(2021.03.15).zip | [HD현대일렉트릭]분기보고서_IFRS(원문XBRL)(2021.05.17).zip | [HD현대일렉트릭]반기보고서_IFRS(원문XBRL)(2021.08.17).zip | [HD현대일렉트릭]분기보고서_IFRS(원문XBRL)(2021.11.15).zip | [HD현대일렉트릭]사업보고서_IFRS(원문XBRL)(2022.03.11).zip | [HD현대일렉트릭]분기보고서_IFRS(원문XBRL)(2022.05.16).zip | [HD현대일렉트릭]반기보고서_IFRS(원문XBRL)(2022.08.16).zip | [HD현대일렉트릭]분기보고서_IFRS(원문XBRL)(2022.11.14).zip"
"267260","HD현대일렉트릭","xbrl_zip_sha256","False","24","0","24","2E6D5C46B11CCB52CD839FA0C452440323260601170C9B27C85E8D5ABD4DAC68 | 24B39D45427F15295023E809616B4B4FEA9DC25E917777EC8243F07F903968D7 | 3A6D43B2C509F9D92780C971E3E27FE750A35FD30295B16123D18E68748EEA79 | 1B4AF2E284DB39F104B5172B837A4038F4914BE7B9BD9F456AE0CA2F883D7A1A | C5DB3FD33F241D1B26AF7D59B3E83A3B7B3D6E8E75480E0E8414804EC1A38996 | F31D0FCF11FB935D6230C206CAA8C286DF001C6CD09FBF8545F7446AF61E9C97 | 548B18B8DA82F33928627A534CF0AEEEEA535690B51705F07119F7FA13000D5E | 95014CE74D6017195EDDD88826B8A14FB8F019A15414D644722E79A4DA641E88 | F8A41EA26ADBA959E691546719EFF1D404B4CD1FCEB5B3C7493838A41B41E3CA | A2E302014E185DC9711A2822C249DA956CF258D0332C987CC5A18F3B249771B0"
"267260","HD현대일렉트릭","pair_status","True","24","0","1","PAIRED"
