"security_id","company_name","row_number","candidate_fields","all_fields"
"010120","LS일렉트릭","1","report_type_kr=사업보고서 || pair_status=PAIRED","report_type_kr=사업보고서 || filing_date=2021-03-19 || fiscal_period_inferred=FY2020 (연간, 2020.01-2020.12) || is_revision=False || pdf_file_name=[엘에스일렉트릭]사업보고서(2021.03.19).pdf || pdf_sha256=9da52dd1d76419c529e596f09a188360fd6d2e98aba182767d0f1240f91407b2 || xbrl_zip_file_name=[엘에스일렉트릭]사업보고서_IFRS(원문XBRL)(2021.03.19).zip || xbrl_zip_sha256=7202fb233483a07a108709630d1796c55d6ddcd6ba97ce008be30d64af68fec0 || pair_status=PAIRED"
"010120","LS일렉트릭","2","report_type_kr=분기보고서 || pair_status=PAIRED","report_type_kr=분기보고서 || filing_date=2021-05-17 || fiscal_period_inferred=FY2021 1분기 (2021.01-2021.03) || is_revision=False || pdf_file_name=[엘에스일렉트릭]분기보고서(2021.05.17).pdf || pdf_sha256=57f59c3386baef57efe246c48604bbf6663d825b51a99e03c7658483a31d22a3 || xbrl_zip_file_name=[엘에스일렉트릭]분기보고서_IFRS(원문XBRL)(2021.05.17).zip || xbrl_zip_sha256=bc5f0dd2fb2264ae5f86410b7810081a9bcafccf32f3186e10b109df00902561 || pair_status=PAIRED"
"010120","LS일렉트릭","3","report_type_kr=반기보고서 || pair_status=PAIRED","report_type_kr=반기보고서 || filing_date=2021-08-17 || fiscal_period_inferred=FY2021 반기 (2021.01-2021.06) || is_revision=False || pdf_file_name=[엘에스일렉트릭]반기보고서(2021.08.17).pdf || pdf_sha256=390d7a5c9f10b40d6cc9f59b9b62e3e71594f6a0936c56684d9011e0fe3da9db || xbrl_zip_file_name=[엘에스일렉트릭]반기보고서_IFRS(원문XBRL)(2021.08.17).zip || xbrl_zip_sha256=d13d7468a559594fada6f76f8688d01772bffb19317ff7a48dc56ea405b04558 || pair_status=PAIRED"
"010120","LS일렉트릭","4","report_type_kr=분기보고서 || pair_status=PAIRED","report_type_kr=분기보고서 || filing_date=2021-11-15 || fiscal_period_inferred=FY2021 3분기 (2021.07-2021.09) || is_revision=False || pdf_file_name=[엘에스일렉트릭]분기보고서(2021.11.15).pdf || pdf_sha256=6a00dba92e710fc9658acb0eace3f0737a7286f0f2ddaba2a1c9167266113248 || xbrl_zip_file_name=[엘에스일렉트릭]분기보고서_IFRS(원문XBRL)(2021.11.15).zip || xbrl_zip_sha256=064a60c6b216c0296b2b6144152442d3cac9f8e783a4e3199fd9c40a11377098 || pair_status=PAIRED"
"010120","LS일렉트릭","5","report_type_kr=사업보고서 || pair_status=PAIRED","report_type_kr=사업보고서 || filing_date=2022-03-18 || fiscal_period_inferred=FY2021 (연간, 2021.01-2021.12) || is_revision=False || pdf_file_name=[엘에스일렉트릭]사업보고서(2022.03.18).pdf || pdf_sha256=276824e84a143e915ad9b00927c425c5a30313624b44d7e43a2cb0919625ece9 || xbrl_zip_file_name=[엘에스일렉트릭]사업보고서_IFRS(원문XBRL)(2022.03.18).zip || xbrl_zip_sha256=d4afb0a52b0ee54a1bf37344515aa5f5720ce37d7b2936bb2203833a21c56492 || pair_status=PAIRED"
"010120","LS일렉트릭","6","report_type_kr=분기보고서 || pair_status=PAIRED","report_type_kr=분기보고서 || filing_date=2022-05-16 || fiscal_period_inferred=FY2022 1분기 (2022.01-2022.03) || is_revision=False || pdf_file_name=[엘에스일렉트릭]분기보고서(2022.05.16).pdf || pdf_sha256=76067ad5983249c509114bd8391a786abfe550365198a7d8d1174371a486cdc1 || xbrl_zip_file_name=[엘에스일렉트릭]분기보고서_IFRS(원문XBRL)(2022.05.16).zip || xbrl_zip_sha256=ef009edf18f91fcde6d90293b6f514877b14afe85b1154f544d04972e7f5c74c || pair_status=PAIRED"
"010120","LS일렉트릭","7","report_type_kr=반기보고서 || pair_status=PAIRED","report_type_kr=반기보고서 || filing_date=2022-08-16 || fiscal_period_inferred=FY2022 반기 (2022.01-2022.06) || is_revision=False || pdf_file_name=[엘에스일렉트릭]반기보고서(2022.08.16).pdf || pdf_sha256=524a7a027aae6e79a7948f66faca7e8ee0e90d909b4124bade2eb312697eba72 || xbrl_zip_file_name=[엘에스일렉트릭]반기보고서_IFRS(원문XBRL)(2022.08.16).zip || xbrl_zip_sha256=ec0802ed4274c765b370b7c569bd1ded2e8a201744c0f73f4a3d74f0c6505584 || pair_status=PAIRED"
"010120","LS일렉트릭","8","report_type_kr=분기보고서 || pair_status=PAIRED","report_type_kr=분기보고서 || filing_date=2022-11-14 || fiscal_period_inferred=FY2022 3분기 (2022.07-2022.09) || is_revision=False || pdf_file_name=[엘에스일렉트릭]분기보고서(2022.11.14).pdf || pdf_sha256=18481746c7b3149cd9c9b2a8506676d7dcaa775eab264f61b512f9b5fccdd7eb || xbrl_zip_file_name=[엘에스일렉트릭]분기보고서_IFRS(원문XBRL)(2022.11.14).zip || xbrl_zip_sha256=2ffcf40ddf912de39877b4b7744be22ce27fc46cc0b0600a3165effd8ebb2deb || pair_status=PAIRED"
"010120","LS일렉트릭","9","report_type_kr=사업보고서 || pair_status=PAIRED","report_type_kr=사업보고서 || filing_date=2023-03-20 || fiscal_period_inferred=FY2022 (연간, 2022.01-2022.12) || is_revision=False || pdf_file_name=[엘에스일렉트릭]사업보고서(2023.03.20).pdf || pdf_sha256=14e8fe49d9a28a4fda28637bc2aefeab5f0bfd7607a3a835ecc7d30a059fc0b2 || xbrl_zip_file_name=[엘에스일렉트릭]사업보고서_IFRS(원문XBRL)(2023.03.20).zip || xbrl_zip_sha256=5e757900b8066f3bb94761337d2379d524a9404df0e43879323c4769f09affca || pair_status=PAIRED"
"010120","LS일렉트릭","10","report_type_kr=분기보고서 || pair_status=PAIRED","report_type_kr=분기보고서 || filing_date=2023-05-15 || fiscal_period_inferred=FY2023 1분기 (2023.01-2023.03) || is_revision=False || pdf_file_name=[엘에스일렉트릭]분기보고서(2023.05.15).pdf || pdf_sha256=e67e4cb3310cccf517edc463831c7024bf7a8c677bf0705a0389dc1be038a5a5 || xbrl_zip_file_name=[엘에스일렉트릭]분기보고서_IFRS(원문XBRL)(2023.05.15).zip || xbrl_zip_sha256=da4f5e2eb0ad01fcbae7fb1a59fabaa5456fa567e6eb185b879a6b5937f39972 || pair_status=PAIRED"
"010120","LS일렉트릭","11","report_type_kr=반기보고서 || pair_status=PAIRED","report_type_kr=반기보고서 || filing_date=2023-08-14 || fiscal_period_inferred=FY2023 반기 (2023.01-2023.06) || is_revision=False || pdf_file_name=[엘에스일렉트릭]반기보고서(2023.08.14).pdf || pdf_sha256=f2ea5095f5f4492a883c2dfbfaeb564c93aa4a15169994410fe77f2be81f5b02 || xbrl_zip_file_name=[엘에스일렉트릭]반기보고서_IFRS(원문XBRL)(2023.08.14).zip || xbrl_zip_sha256=2005b77ccc75582759a8c89ae74696cef6fae47d6e115d9278724af3030d0bfc || pair_status=PAIRED"
"010120","LS일렉트릭","12","report_type_kr=분기보고서 || pair_status=PAIRED","report_type_kr=분기보고서 || filing_date=2023-11-14 || fiscal_period_inferred=FY2023 3분기 (2023.07-2023.09) || is_revision=False || pdf_file_name=[엘에스일렉트릭]분기보고서(2023.11.14).pdf || pdf_sha256=d7960ccb567c591c8ae3f6f11d1b3196a47f34c1733e375aee58e7b68788a756 || xbrl_zip_file_name=[엘에스일렉트릭]분기보고서_IFRS(원문XBRL)(2023.11.14).zip || xbrl_zip_sha256=4acac1600d0c08083e951b0547e7a8531e0ea1c723af9777c520dfccc6f65220 || pair_status=PAIRED"
"010120","LS일렉트릭","13","report_type_kr=사업보고서 || pair_status=PAIRED","report_type_kr=사업보고서 || filing_date=2024-03-26 || fiscal_period_inferred=FY2023 (연간, 2023.01-2023.12) || is_revision=True || pdf_file_name=[엘에스일렉트릭][정정]사업보고서(2024.03.26).pdf || pdf_sha256=62614cd41d4cd5ba1c8d7a04da7c403c73d3a0730185da42129da5fa506d742b || xbrl_zip_file_name=[엘에스일렉트릭][정정]사업보고서_IFRS(원문XBRL)(2024.03.26).zip || xbrl_zip_sha256=6747196a0dd2a60193f6208f77e6726d703f9ae2e8f4d8515606baa97765c5bd || pair_status=PAIRED"
"010120","LS일렉트릭","14","report_type_kr=분기보고서 || pair_status=PAIRED","report_type_kr=분기보고서 || filing_date=2024-05-14 || fiscal_period_inferred=FY2024 1분기 (2024.01-2024.03) || is_revision=False || pdf_file_name=[엘에스일렉트릭]분기보고서(2024.05.14).pdf || pdf_sha256=e06e0e9e9ca5dfb0edecb5bcaffc87c72ca43f028e092e2913dcbdb8751a9048 || xbrl_zip_file_name=[엘에스일렉트릭]분기보고서_IFRS(원문XBRL)(2024.05.14).zip || xbrl_zip_sha256=7f0e66cc20cd4a5731df550b47902e62e4dfb3f7b582c345365b3964a6b85f0b || pair_status=PAIRED"
"010120","LS일렉트릭","15","report_type_kr=반기보고서 || pair_status=PAIRED","report_type_kr=반기보고서 || filing_date=2024-08-14 || fiscal_period_inferred=FY2024 반기 (2024.01-2024.06) || is_revision=False || pdf_file_name=[엘에스일렉트릭]반기보고서(2024.08.14).pdf || pdf_sha256=4e0e76c74614061f06652e5d84b62d8b2fd6fb01be03cae6fe5bd81a9d8a22d7 || xbrl_zip_file_name=[엘에스일렉트릭]반기보고서_IFRS(원문XBRL)(2024.08.14).zip || xbrl_zip_sha256=c0eb54a0da79a11802ad0ee1d41af2d5bde1a6864a54ff8d86b2600472352fc4 || pair_status=PAIRED"
"010120","LS일렉트릭","16","report_type_kr=분기보고서 || pair_status=PAIRED","report_type_kr=분기보고서 || filing_date=2024-11-14 || fiscal_period_inferred=FY2024 3분기 (2024.07-2024.09) || is_revision=False || pdf_file_name=[엘에스일렉트릭]분기보고서(2024.11.14).pdf || pdf_sha256=f93d2838b7970fe74c76a385bd11c2829cd1692fb00e661a0914a1e493004904 || xbrl_zip_file_name=[엘에스일렉트릭]분기보고서_IFRS(원문XBRL)(2024.11.14).zip || xbrl_zip_sha256=6cec61ba82be94aa9ced1e5b4f76c4ed46c1d0f8d29036be9bc70ad5cb9be68a || pair_status=PAIRED"
"010120","LS일렉트릭","17","report_type_kr=사업보고서 || pair_status=PAIRED","report_type_kr=사업보고서 || filing_date=2025-03-17 || fiscal_period_inferred=FY2024 (연간, 2024.01-2024.12) || is_revision=False || pdf_file_name=[엘에스일렉트릭]사업보고서(2025.03.17).pdf || pdf_sha256=178bf7816f38d5cf9e23a7f32177709723f2a4e5570dc72dbce97ed42bbb94cf || xbrl_zip_file_name=[엘에스일렉트릭]사업보고서_IFRS(원문XBRL)(2025.03.17).zip || xbrl_zip_sha256=2c3de5a96a11d9e2e04c1a6b2e4105bb477195473693fb07a9feb90706b5c2bc || pair_status=PAIRED"
"010120","LS일렉트릭","18","report_type_kr=분기보고서 || pair_status=PAIRED","report_type_kr=분기보고서 || filing_date=2025-05-15 || fiscal_period_inferred=FY2025 1분기 (2025.01-2025.03) || is_revision=False || pdf_file_name=[엘에스일렉트릭]분기보고서(2025.05.15).pdf || pdf_sha256=016191524a2255e2baa07052ab874dc1ffc5060b4acc10335ce7ebec1678a485 || xbrl_zip_file_name=[엘에스일렉트릭]분기보고서_IFRS(원문XBRL)(2025.05.15).zip || xbrl_zip_sha256=e800cdf59ed463f9cde8b16cf36b30cfe224974a242999e255eb0b0769444dcf || pair_status=PAIRED"
"010120","LS일렉트릭","19","report_type_kr=반기보고서 || pair_status=PAIRED","report_type_kr=반기보고서 || filing_date=2025-08-14 || fiscal_period_inferred=FY2025 반기 (2025.01-2025.06) || is_revision=False || pdf_file_name=[엘에스일렉트릭]반기보고서(2025.08.14).pdf || pdf_sha256=4763f598e07a1c65b37c1ae1b5b850a13c91d00eb7563eb3df6c92fce674ffcd || xbrl_zip_file_name=[엘에스일렉트릭]반기보고서_IFRS(원문XBRL)(2025.08.14).zip || xbrl_zip_sha256=09d9fdcc62a09d699ececcdff83b88a1764e6a591135c8883f44969a678625f9 || pair_status=PAIRED"
"010120","LS일렉트릭","20","report_type_kr=분기보고서 || pair_status=PAIRED","report_type_kr=분기보고서 || filing_date=2025-11-14 || fiscal_period_inferred=FY2025 3분기 (2025.07-2025.09) || is_revision=False || pdf_file_name=[엘에스일렉트릭]분기보고서(2025.11.14).pdf || pdf_sha256=a48c9d9a2d6c05ec8d8cbae57947c8b84da34f1a91636512b700c645d28659a3 || xbrl_zip_file_name=[엘에스일렉트릭]분기보고서_IFRS(원문XBRL)(2025.11.14).zip || xbrl_zip_sha256=9f365da06dc9b953ac60977e4dc80b6dd5b999a02c1212c494a87dbaa97daf0d || pair_status=PAIRED"
"010120","LS일렉트릭","21","report_type_kr=사업보고서 || pair_status=PAIRED","report_type_kr=사업보고서 || filing_date=2026-03-18 || fiscal_period_inferred=FY2025 (연간, 2025.01-2025.12) || is_revision=False || pdf_file_name=[엘에스일렉트릭]사업보고서(2026.03.18).pdf || pdf_sha256=65ba121cd38b092d443b9ee731896d9f48fe3ceae3aae9bab4eb4ec208853c3c || xbrl_zip_file_name=[엘에스일렉트릭]사업보고서_IFRS(원문XBRL)(2026.03.18).zip || xbrl_zip_sha256=294b8cf7de026feae369d68147c7a793ea7d4b9031edd5c1828a0b2ad8848af4 || pair_status=PAIRED"
"010120","LS일렉트릭","22","report_type_kr=분기보고서 || pair_status=PAIRED","report_type_kr=분기보고서 || filing_date=2026-05-14 || fiscal_period_inferred=FY2026 1분기 (2026.01-2026.03) || is_revision=False || pdf_file_name=[엘에스일렉트릭]분기보고서(2026.05.14).pdf || pdf_sha256=bd3ad7217b5e4da476d8e4a162b25273fb2b5834c8337179e91c4b7fb967c2eb || xbrl_zip_file_name=[엘에스일렉트릭]분기보고서_IFRS(원문XBRL)(2026.05.14).zip || xbrl_zip_sha256=14b39137aee7beb2bb6958d967c6f9ce13c8cde9441641f27d63e9fb6cb30920 || pair_status=PAIRED"
"012450","한화에어로스페이스","1","report_type=반기보고서 || pair_status=PAIRED","report_type=반기보고서 || filing_date=2021.08.17 || corrected_disclosure=Y || pdf_file=[한화에어로스페이스][정정]반기보고서(2021.08.17).pdf || xbrl_zip_file=[한화에어로스페이스][정정]반기보고서_IFRS(원문XBRL)(2021.08.17).zip || pair_status=PAIRED"
"012450","한화에어로스페이스","2","report_type=분기보고서 || pair_status=PAIRED","report_type=분기보고서 || filing_date=2021.11.12 || corrected_disclosure=N || pdf_file=[한화에어로스페이스]분기보고서(2021.11.12).pdf || xbrl_zip_file=[한화에어로스페이스]분기보고서_IFRS(원문XBRL)(2021.11.12).zip || pair_status=PAIRED"
"012450","한화에어로스페이스","3","report_type=분기보고서 || pair_status=PAIRED","report_type=분기보고서 || filing_date=2022.05.16 || corrected_disclosure=N || pdf_file=[한화에어로스페이스]분기보고서(2022.05.16).pdf || xbrl_zip_file=[한화에어로스페이스]분기보고서_IFRS(원문XBRL)(2022.05.16).zip || pair_status=PAIRED"
"012450","한화에어로스페이스","4","report_type=반기보고서 || pair_status=PAIRED","report_type=반기보고서 || filing_date=2022.08.12 || corrected_disclosure=N || pdf_file=[한화에어로스페이스]반기보고서(2022.08.12).pdf || xbrl_zip_file=[한화에어로스페이스]반기보고서_IFRS(원문XBRL)(2022.08.12).zip || pair_status=PAIRED"
"012450","한화에어로스페이스","5","report_type=사업보고서 || pair_status=PAIRED","report_type=사업보고서 || filing_date=2022.08.12 || corrected_disclosure=Y || pdf_file=[한화에어로스페이스][정정]사업보고서(2022.08.12).pdf || xbrl_zip_file=[한화에어로스페이스][정정]사업보고서_IFRS(원문XBRL)(2022.08.12).zip || pair_status=PAIRED"
"012450","한화에어로스페이스","6","report_type=분기보고서 || pair_status=PAIRED","report_type=분기보고서 || filing_date=2022.11.11 || corrected_disclosure=N || pdf_file=[한화에어로스페이스]분기보고서(2022.11.11).pdf || xbrl_zip_file=[한화에어로스페이스]분기보고서_IFRS(원문XBRL)(2022.11.11).zip || pair_status=PAIRED"
"012450","한화에어로스페이스","7","report_type=사업보고서 || pair_status=PAIRED","report_type=사업보고서 || filing_date=2023.03.21 || corrected_disclosure=Y || pdf_file=[한화에어로스페이스][정정]사업보고서(2023.03.21).pdf || xbrl_zip_file=[한화에어로스페이스][정정]사업보고서_IFRS(원문XBRL)(2023.03.21).zip || pair_status=PAIRED"
"012450","한화에어로스페이스","8","report_type=분기보고서 || pair_status=PAIRED","report_type=분기보고서 || filing_date=2023.05.12 || corrected_disclosure=N || pdf_file=[한화에어로스페이스]분기보고서(2023.05.12).pdf || xbrl_zip_file=[한화에어로스페이스]분기보고서_IFRS(원문XBRL)(2023.05.12).zip || pair_status=PAIRED"
"012450","한화에어로스페이스","9","report_type=반기보고서 || pair_status=PAIRED","report_type=반기보고서 || filing_date=2023.08.11 || corrected_disclosure=N || pdf_file=[한화에어로스페이스]반기보고서(2023.08.11).pdf || xbrl_zip_file=[한화에어로스페이스]반기보고서_IFRS(원문XBRL)(2023.08.11).zip || pair_status=PAIRED"
"012450","한화에어로스페이스","10","report_type=분기보고서 || pair_status=PAIRED","report_type=분기보고서 || filing_date=2023.11.14 || corrected_disclosure=N || pdf_file=[한화에어로스페이스]분기보고서(2023.11.14).pdf || xbrl_zip_file=[한화에어로스페이스]분기보고서_IFRS(원문XBRL)(2023.11.14).zip || pair_status=PAIRED"
"012450","한화에어로스페이스","11","report_type=사업보고서 || pair_status=PAIRED","report_type=사업보고서 || filing_date=2024.03.29 || corrected_disclosure=Y || pdf_file=[한화에어로스페이스][정정]사업보고서(2024.03.29).pdf || xbrl_zip_file=[한화에어로스페이스][정정]사업보고서_IFRS(원문XBRL)(2024.03.29).zip || pair_status=PAIRED"
"012450","한화에어로스페이스","12","report_type=분기보고서 || pair_status=PAIRED","report_type=분기보고서 || filing_date=2024.05.14 || corrected_disclosure=N || pdf_file=[한화에어로스페이스]분기보고서(2024.05.14).pdf || xbrl_zip_file=[한화에어로스페이스]분기보고서_IFRS(원문XBRL)(2024.05.14).zip || pair_status=PAIRED"
"012450","한화에어로스페이스","13","report_type=반기보고서 || pair_status=PAIRED","report_type=반기보고서 || filing_date=2024.08.14 || corrected_disclosure=N || pdf_file=[한화에어로스페이스]반기보고서(2024.08.14).pdf || xbrl_zip_file=[한화에어로스페이스]반기보고서_IFRS(원문XBRL)(2024.08.14).zip || pair_status=PAIRED"
"012450","한화에어로스페이스","14","report_type=분기보고서 || pair_status=PAIRED","report_type=분기보고서 || filing_date=2024.11.13 || corrected_disclosure=N || pdf_file=[한화에어로스페이스]분기보고서(2024.11.13).pdf || xbrl_zip_file=[한화에어로스페이스]분기보고서_IFRS(원문XBRL)(2024.11.13).zip || pair_status=PAIRED"
"012450","한화에어로스페이스","15","report_type=사업보고서 || pair_status=PAIRED","report_type=사업보고서 || filing_date=2025.03.17 || corrected_disclosure=N || pdf_file=[한화에어로스페이스]사업보고서(2025.03.17).pdf || xbrl_zip_file=[한화에어로스페이스]사업보고서_IFRS(원문XBRL)(2025.03.17).zip || pair_status=PAIRED"
"012450","한화에어로스페이스","16","report_type=분기보고서 || pair_status=PAIRED","report_type=분기보고서 || filing_date=2025.05.13 || corrected_disclosure=N || pdf_file=[한화에어로스페이스]분기보고서(2025.05.13).pdf || xbrl_zip_file=[한화에어로스페이스]분기보고서_IFRS(원문XBRL)(2025.05.13).zip || pair_status=PAIRED"
"012450","한화에어로스페이스","17","report_type=반기보고서 || pair_status=PAIRED","report_type=반기보고서 || filing_date=2025.08.14 || corrected_disclosure=N || pdf_file=[한화에어로스페이스]반기보고서(2025.08.14).pdf || xbrl_zip_file=[한화에어로스페이스]반기보고서_IFRS(원문XBRL)(2025.08.14).zip || pair_status=PAIRED"
"012450","한화에어로스페이스","18","report_type=분기보고서 || pair_status=PAIRED","report_type=분기보고서 || filing_date=2025.11.13 || corrected_disclosure=N || pdf_file=[한화에어로스페이스]분기보고서(2025.11.13).pdf || xbrl_zip_file=[한화에어로스페이스]분기보고서_IFRS(원문XBRL)(2025.11.13).zip || pair_status=PAIRED"
"012450","한화에어로스페이스","19","report_type=분기보고서 || pair_status=PAIRED","report_type=분기보고서 || filing_date=2026.05.13 || corrected_disclosure=N || pdf_file=[한화에어로스페이스]분기보고서(2026.05.13).pdf || xbrl_zip_file=[한화에어로스페이스]분기보고서_IFRS(원문XBRL)(2026.05.13).zip || pair_status=PAIRED"
"018260","삼성SDS","1","report_type_kr=분기보고서 || pair_status=PAIRED","report_type_kr=분기보고서 || filing_date=2020-11-16 || fiscal_period_inferred=FY2020 3분기 (2020.07-2020.09) || is_revision=False || pdf_file_name=[삼성에스디에스]분기보고서(2020.11.16).pdf || pdf_sha256=98ce6e15a74a935ef1607a53477d7025a380bb986344ce78356a731c3f447a4e || xbrl_zip_file_name=[삼성에스디에스]분기보고서_IFRS(원문XBRL)(2020.11.16).zip || xbrl_zip_sha256=98768f5f5e4ea7663c40bd3bdabb28f999411ca42f79fdddd95c6cb3c9a51b0b || pair_status=PAIRED"
"018260","삼성SDS","2","report_type_kr=사업보고서 || pair_status=PAIRED","report_type_kr=사업보고서 || filing_date=2021-03-09 || fiscal_period_inferred=FY2020 (연간, 2020.01-2020.12) || is_revision=False || pdf_file_name=[삼성에스디에스]사업보고서(2021.03.09).pdf || pdf_sha256=31b083deac27bfdfaf2b8308aa2d0686118a65c9005725ae33726ae90e1f44b1 || xbrl_zip_file_name=[삼성에스디에스]사업보고서_IFRS(원문XBRL)(2021.03.09).zip || xbrl_zip_sha256=c6b7e105c5f35d6faabb76a74fd6b8d42d8caa51d0883b09a49668e2ffe76520 || pair_status=PAIRED"
"018260","삼성SDS","3","report_type_kr=분기보고서 || pair_status=PAIRED","report_type_kr=분기보고서 || filing_date=2021-05-17 || fiscal_period_inferred=FY2021 1분기 (2021.01-2021.03) || is_revision=False || pdf_file_name=[삼성에스디에스]분기보고서(2021.05.17).pdf || pdf_sha256=adea656e2d3b53b78a4a80368544fd5d85e447ecce305696ef72ab0c270c88bd || xbrl_zip_file_name=[삼성에스디에스]분기보고서_IFRS(원문XBRL)(2021.05.17).zip || xbrl_zip_sha256=a26950d2d703bdcabc8ac985e384edf64cfc0f6da6b531f4a74159f34ee48c11 || pair_status=PAIRED"
"018260","삼성SDS","4","report_type_kr=반기보고서 || pair_status=PAIRED","report_type_kr=반기보고서 || filing_date=2021-08-17 || fiscal_period_inferred=FY2021 반기 (2021.01-2021.06) || is_revision=False || pdf_file_name=[삼성에스디에스]반기보고서(2021.08.17).pdf || pdf_sha256=fe2b2d571d03a1e79a52726b1da6c3ae25653baba121fb32b24ed7ba404e6a93 || xbrl_zip_file_name=[삼성에스디에스]반기보고서_IFRS(원문XBRL)(2021.08.17).zip || xbrl_zip_sha256=28eb7e99a6cf9720a88aa7cd821ebf5e4240d49b62ef70ea3643e812404b838d || pair_status=PAIRED"
"018260","삼성SDS","5","report_type_kr=분기보고서 || pair_status=PAIRED","report_type_kr=분기보고서 || filing_date=2021-11-15 || fiscal_period_inferred=FY2021 3분기 (2021.07-2021.09) || is_revision=False || pdf_file_name=[삼성에스디에스]분기보고서(2021.11.15).pdf || pdf_sha256=53ee6e99a948eb679a7947d9190f388e894ea5460733f39639573cf5ff95d572 || xbrl_zip_file_name=[삼성에스디에스]분기보고서_IFRS(원문XBRL)(2021.11.15).zip || xbrl_zip_sha256=a91b49149e96673d16e2724cc4f06e6e88c1532f47f1359d6d1c0fdf94046e97 || pair_status=PAIRED"
"018260","삼성SDS","6","report_type_kr=사업보고서 || pair_status=PAIRED","report_type_kr=사업보고서 || filing_date=2022-03-08 || fiscal_period_inferred=FY2021 (연간, 2021.01-2021.12) || is_revision=False || pdf_file_name=[삼성에스디에스]사업보고서(2022.03.08).pdf || pdf_sha256=8809db0e98d01a58e3d04d6e14434451a3da334f85c3d36413f9c873bd503742 || xbrl_zip_file_name=[삼성에스디에스]사업보고서_IFRS(원문XBRL)(2022.03.08).zip || xbrl_zip_sha256=9c4c64f2da535b95115dab3b98972ca9af69f5bb53a63a34d7f9bdc970dd2d7a || pair_status=PAIRED"
"018260","삼성SDS","7","report_type_kr=분기보고서 || pair_status=PAIRED","report_type_kr=분기보고서 || filing_date=2022-05-16 || fiscal_period_inferred=FY2022 1분기 (2022.01-2022.03) || is_revision=False || pdf_file_name=[삼성에스디에스]분기보고서(2022.05.16).pdf || pdf_sha256=aae0595bb58fcebab22a78e6b5052f448abdae080397d82c3a5b6edb4b7af419 || xbrl_zip_file_name=[삼성에스디에스]분기보고서_IFRS(원문XBRL)(2022.05.16).zip || xbrl_zip_sha256=edbce9d0a2ea11b56971bd445a67e1b3716e601e589741d2bba0b45584cf5691 || pair_status=PAIRED"
"018260","삼성SDS","8","report_type_kr=반기보고서 || pair_status=PAIRED","report_type_kr=반기보고서 || filing_date=2022-08-16 || fiscal_period_inferred=FY2022 반기 (2022.01-2022.06) || is_revision=False || pdf_file_name=[삼성에스디에스]반기보고서(2022.08.16).pdf || pdf_sha256=1374766bcdd3d158e4f258c12778b5f929627fe134ad779526fa0ee257240b7e || xbrl_zip_file_name=[삼성에스디에스]반기보고서_IFRS(원문XBRL)(2022.08.16).zip || xbrl_zip_sha256=924faf1df0d19d55c14d809db917475effae5b8702f37560594c9df32c31f0b7 || pair_status=PAIRED"
"018260","삼성SDS","9","report_type_kr=분기보고서 || pair_status=PAIRED","report_type_kr=분기보고서 || filing_date=2022-11-14 || fiscal_period_inferred=FY2022 3분기 (2022.07-2022.09) || is_revision=False || pdf_file_name=[삼성에스디에스]분기보고서(2022.11.14).pdf || pdf_sha256=2150708473628ab2ad5eaf652607bf98bcb7a0be9edd1ce4fc48c84b38bd44b7 || xbrl_zip_file_name=[삼성에스디에스]분기보고서_IFRS(원문XBRL)(2022.11.14).zip || xbrl_zip_sha256=a78b7f5bd329544ff26cc6eb743367c4ff7299aa54322346e39f66da1c5d2b51 || pair_status=PAIRED"
"018260","삼성SDS","10","report_type_kr=사업보고서 || pair_status=PAIRED","report_type_kr=사업보고서 || filing_date=2023-03-07 || fiscal_period_inferred=FY2022 (연간, 2022.01-2022.12) || is_revision=False || pdf_file_name=[삼성에스디에스]사업보고서(2023.03.07).pdf || pdf_sha256=b4c5d71f92b8bd2c41da52fb26ee9f71df7d43facea026d78a82ac164ba8873f || xbrl_zip_file_name=[삼성에스디에스]사업보고서_IFRS(원문XBRL)(2023.03.07).zip || xbrl_zip_sha256=21ae621a5c8c7cc08f2622218200a39d7406ae3573f278400f203b76a04c116f || pair_status=PAIRED"
"018260","삼성SDS","11","report_type_kr=분기보고서 || pair_status=PAIRED","report_type_kr=분기보고서 || filing_date=2023-05-15 || fiscal_period_inferred=FY2023 1분기 (2023.01-2023.03) || is_revision=False || pdf_file_name=[삼성에스디에스]분기보고서(2023.05.15).pdf || pdf_sha256=48d2fbcaaa27f0e03285fcc7bc9829003510be18d762574e5627e29a4fdce74a || xbrl_zip_file_name=[삼성에스디에스]분기보고서_IFRS(원문XBRL)(2023.05.15).zip || xbrl_zip_sha256=65c2d7350f7a9ab661329eddd085678c7bb92a6368f205a6589f88a6d0f23d4e || pair_status=PAIRED"
"018260","삼성SDS","12","report_type_kr=반기보고서 || pair_status=PAIRED","report_type_kr=반기보고서 || filing_date=2023-08-14 || fiscal_period_inferred=FY2023 반기 (2023.01-2023.06) || is_revision=False || pdf_file_name=[삼성에스디에스]반기보고서(2023.08.14).pdf || pdf_sha256=8ddfc32b1940d20ffb29bf9961a55a38d79b9f4ee0f7a01c240d60b3fa65ac5d || xbrl_zip_file_name=[삼성에스디에스]반기보고서_IFRS(원문XBRL)(2023.08.14).zip || xbrl_zip_sha256=110a219265182d7a6774dbf59df8ea02602d53fa05f7a2390d488c76f96f5c5e || pair_status=PAIRED"
"018260","삼성SDS","13","report_type_kr=분기보고서 || pair_status=PAIRED","report_type_kr=분기보고서 || filing_date=2023-11-14 || fiscal_period_inferred=FY2023 3분기 (2023.07-2023.09) || is_revision=False || pdf_file_name=[삼성에스디에스]분기보고서(2023.11.14).pdf || pdf_sha256=47008c4f5bfd908e210e9fe46a8243eaa5190eb2035bc921baacf548d28abd7a || xbrl_zip_file_name=[삼성에스디에스]분기보고서_IFRS(원문XBRL)(2023.11.14).zip || xbrl_zip_sha256=aac4c725ef3f63c83df50ad2f2011e9a83462712f7526090d76b692d33d9601a || pair_status=PAIRED"
"018260","삼성SDS","14","report_type_kr=사업보고서 || pair_status=PAIRED","report_type_kr=사업보고서 || filing_date=2024-03-29 || fiscal_period_inferred=FY2023 (연간, 2023.01-2023.12) || is_revision=True || pdf_file_name=[삼성에스디에스][정정]사업보고서(2024.03.29).pdf || pdf_sha256=328c3625575a8e54cebeeaf1ccf936d8eac5dcd287efcf350f0c2aa492ddb43f || xbrl_zip_file_name=[삼성에스디에스][정정]사업보고서_IFRS(원문XBRL)(2024.03.29).zip || xbrl_zip_sha256=bca97f86b741eba8385421c095271fa0e1790f60c15ab6a5552ec08f73b36894 || pair_status=PAIRED"
"018260","삼성SDS","15","report_type_kr=분기보고서 || pair_status=PAIRED","report_type_kr=분기보고서 || filing_date=2024-05-16 || fiscal_period_inferred=FY2024 1분기 (2024.01-2024.03) || is_revision=False || pdf_file_name=[삼성에스디에스]분기보고서(2024.05.16).pdf || pdf_sha256=501dc52b526650f4df1431d0353a7c28c82dfe8dc95d437dee8c58d835f5e97a || xbrl_zip_file_name=[삼성에스디에스]분기보고서_IFRS(원문XBRL)(2024.05.16).zip || xbrl_zip_sha256=9cb52c47a77b81220859620741d459a81e335c5f5186d74c825667050078e0da || pair_status=PAIRED"
"018260","삼성SDS","16","report_type_kr=반기보고서 || pair_status=PAIRED","report_type_kr=반기보고서 || filing_date=2024-08-14 || fiscal_period_inferred=FY2024 반기 (2024.01-2024.06) || is_revision=False || pdf_file_name=[삼성에스디에스]반기보고서(2024.08.14).pdf || pdf_sha256=7f09bab701983c62a84f146ec5ba5b14630ba3ad35d9d486c79d95b0a4553276 || xbrl_zip_file_name=[삼성에스디에스]반기보고서_IFRS(원문XBRL)(2024.08.14).zip || xbrl_zip_sha256=e6973140930b95703beaf40be7ccbea31c4c2b96af64cf4e02fc8e2d7c43ec1b || pair_status=PAIRED"
"018260","삼성SDS","17","report_type_kr=분기보고서 || pair_status=PAIRED","report_type_kr=분기보고서 || filing_date=2024-11-14 || fiscal_period_inferred=FY2024 3분기 (2024.07-2024.09) || is_revision=False || pdf_file_name=[삼성에스디에스]분기보고서(2024.11.14).pdf || pdf_sha256=e7939b0abedaa14f74b65bc55eada4f5791c0dac1ac049de435b71d792f952c3 || xbrl_zip_file_name=[삼성에스디에스]분기보고서_IFRS(원문XBRL)(2024.11.14).zip || xbrl_zip_sha256=1d683a737a1f253cdee00f34aa4084049e00711a8ed6a1707638f45a62d29b9d || pair_status=PAIRED"
"018260","삼성SDS","18","report_type_kr=사업보고서 || pair_status=PAIRED","report_type_kr=사업보고서 || filing_date=2025-03-11 || fiscal_period_inferred=FY2024 (연간, 2024.01-2024.12) || is_revision=False || pdf_file_name=[삼성에스디에스]사업보고서(2025.03.11).pdf || pdf_sha256=d439af4f9599c2d63e0fc5c7f04b808ca5282be95a903ec4667f4b001ec3855c || xbrl_zip_file_name=[삼성에스디에스]사업보고서_IFRS(원문XBRL)(2025.03.11).zip || xbrl_zip_sha256=9ef414f012997ec42095998383dc81074d652e6fc1ee269b26d23561e1b94f01 || pair_status=PAIRED"
"018260","삼성SDS","19","report_type_kr=분기보고서 || pair_status=PAIRED","report_type_kr=분기보고서 || filing_date=2025-05-15 || fiscal_period_inferred=FY2025 1분기 (2025.01-2025.03) || is_revision=False || pdf_file_name=[삼성에스디에스]분기보고서(2025.05.15).pdf || pdf_sha256=de80261d539c68f6c1c25343c58f53c8bc87abc0c1a62e876dcd38e1a9283ca0 || xbrl_zip_file_name=[삼성에스디에스]분기보고서_IFRS(원문XBRL)(2025.05.15).zip || xbrl_zip_sha256=fb5dbb6dc321f73d49a3d41bf7076e777e8ee7ac1addc656a916cc4551239bf5 || pair_status=PAIRED"
"018260","삼성SDS","20","report_type_kr=반기보고서 || pair_status=PAIRED","report_type_kr=반기보고서 || filing_date=2025-08-14 || fiscal_period_inferred=FY2025 반기 (2025.01-2025.06) || is_revision=False || pdf_file_name=[삼성에스디에스]반기보고서(2025.08.14).pdf || pdf_sha256=35ec8ed5e4a14ac44b984abd6d1effcee4790ab877d4cd2b043f6b6e6cab36b9 || xbrl_zip_file_name=[삼성에스디에스]반기보고서_IFRS(원문XBRL)(2025.08.14).zip || xbrl_zip_sha256=a37c59376bd78af672645a59ee0031382e9e4e0e197a4c611f40f9e1e3715642 || pair_status=PAIRED"
"018260","삼성SDS","21","report_type_kr=분기보고서 || pair_status=PAIRED","report_type_kr=분기보고서 || filing_date=2025-11-14 || fiscal_period_inferred=FY2025 3분기 (2025.07-2025.09) || is_revision=False || pdf_file_name=[삼성에스디에스]분기보고서(2025.11.14).pdf || pdf_sha256=824542b113fe3939d4c15598b28ec7293dff2d30dc0dd95e5e1febf09503c432 || xbrl_zip_file_name=[삼성에스디에스]분기보고서_IFRS(원문XBRL)(2025.11.14).zip || xbrl_zip_sha256=a52f0e8fa5b56277771b753d9f86f04dec0253abf8e823112a85fccf12820314 || pair_status=PAIRED"
"018260","삼성SDS","22","report_type_kr=사업보고서 || pair_status=PAIRED","report_type_kr=사업보고서 || filing_date=2026-03-10 || fiscal_period_inferred=FY2025 (연간, 2025.01-2025.12) || is_revision=False || pdf_file_name=[삼성에스디에스]사업보고서(2026.03.10).pdf || pdf_sha256=4ab874b9a35cbc09477d61f3567c8fc956edd6a1fdc409eca2582c365457d2fd || xbrl_zip_file_name=[삼성에스디에스]사업보고서_IFRS(원문XBRL)(2026.03.10).zip || xbrl_zip_sha256=d2558f56da6b973a6cdb9c4ecfd713916c284490596815c8e8a0a4644ba4ba6e || pair_status=PAIRED"
"018260","삼성SDS","23","report_type_kr=분기보고서 || pair_status=PAIRED","report_type_kr=분기보고서 || filing_date=2026-05-15 || fiscal_period_inferred=FY2026 1분기 (2026.01-2026.03) || is_revision=False || pdf_file_name=[삼성에스디에스]분기보고서(2026.05.15).pdf || pdf_sha256=dd05453831d8660989c33dc7e5092c9908c189890ea14319e58fbd29ad2ef694 || xbrl_zip_file_name=[삼성에스디에스]분기보고서_IFRS(원문XBRL)(2026.05.15).zip || xbrl_zip_sha256=3bbfde20345c2f3b7050b8ce25669f6467516483b263bf31529eff631d54075a || pair_status=PAIRED"
"267260","HD현대일렉트릭","1","report_type_kr=반기보고서 || pair_status=PAIRED","report_type_kr=반기보고서 || filing_date=2020-08-14 || is_revision=False || pdf_file_name=[HD현대일렉트릭]반기보고서(2020.08.14).pdf || pdf_sha256=43F16BC465D91BB9BD7941554ADA2C1E41693EFA802922BD3CCF40B2DBE13120 || xbrl_zip_file_name=[HD현대일렉트릭]반기보고서_IFRS(원문XBRL)(2020.08.14).zip || xbrl_zip_sha256=2E6D5C46B11CCB52CD839FA0C452440323260601170C9B27C85E8D5ABD4DAC68 || pair_status=PAIRED"
"267260","HD현대일렉트릭","2","report_type_kr=분기보고서 || pair_status=PAIRED","report_type_kr=분기보고서 || filing_date=2020-11-16 || is_revision=False || pdf_file_name=[HD현대일렉트릭]분기보고서(2020.11.16).pdf || pdf_sha256=49EF76D1F8B1CBCD92B93D360EEA99554312B09427A8A17BD0E3C404D14A0793 || xbrl_zip_file_name=[HD현대일렉트릭]분기보고서_IFRS(원문XBRL)(2020.11.16).zip || xbrl_zip_sha256=24B39D45427F15295023E809616B4B4FEA9DC25E917777EC8243F07F903968D7 || pair_status=PAIRED"
"267260","HD현대일렉트릭","3","report_type_kr=사업보고서 || pair_status=PAIRED","report_type_kr=사업보고서 || filing_date=2021-03-15 || is_revision=False || pdf_file_name=[HD현대일렉트릭]사업보고서(2021.03.15).pdf || pdf_sha256=35E2724D5428BA231214996E5EA69A3CC516E153EC791DB6F99747A9B59F9CF8 || xbrl_zip_file_name=[HD현대일렉트릭]사업보고서_IFRS(원문XBRL)(2021.03.15).zip || xbrl_zip_sha256=3A6D43B2C509F9D92780C971E3E27FE750A35FD30295B16123D18E68748EEA79 || pair_status=PAIRED"
"267260","HD현대일렉트릭","4","report_type_kr=분기보고서 || pair_status=PAIRED","report_type_kr=분기보고서 || filing_date=2021-05-17 || is_revision=False || pdf_file_name=[HD현대일렉트릭]분기보고서(2021.05.17).pdf || pdf_sha256=D90EDE85E47ACF74544ED23EB779545AEB0FF9BA58724F25EEBDA97C9D5FC0E3 || xbrl_zip_file_name=[HD현대일렉트릭]분기보고서_IFRS(원문XBRL)(2021.05.17).zip || xbrl_zip_sha256=1B4AF2E284DB39F104B5172B837A4038F4914BE7B9BD9F456AE0CA2F883D7A1A || pair_status=PAIRED"
"267260","HD현대일렉트릭","5","report_type_kr=반기보고서 || pair_status=PAIRED","report_type_kr=반기보고서 || filing_date=2021-08-17 || is_revision=False || pdf_file_name=[HD현대일렉트릭]반기보고서(2021.08.17).pdf || pdf_sha256=840792B60AAB23F70B748B836CCAADED6B19F847C4FC5BA0937EBDCED70E2288 || xbrl_zip_file_name=[HD현대일렉트릭]반기보고서_IFRS(원문XBRL)(2021.08.17).zip || xbrl_zip_sha256=C5DB3FD33F241D1B26AF7D59B3E83A3B7B3D6E8E75480E0E8414804EC1A38996 || pair_status=PAIRED"
"267260","HD현대일렉트릭","6","report_type_kr=분기보고서 || pair_status=PAIRED","report_type_kr=분기보고서 || filing_date=2021-11-15 || is_revision=False || pdf_file_name=[HD현대일렉트릭]분기보고서(2021.11.15).pdf || pdf_sha256=611C9DABF9A5CE8C78D80DF0A1DA1184CCC6971C71D629556FD516E951D47183 || xbrl_zip_file_name=[HD현대일렉트릭]분기보고서_IFRS(원문XBRL)(2021.11.15).zip || xbrl_zip_sha256=F31D0FCF11FB935D6230C206CAA8C286DF001C6CD09FBF8545F7446AF61E9C97 || pair_status=PAIRED"
"267260","HD현대일렉트릭","7","report_type_kr=사업보고서 || pair_status=PAIRED","report_type_kr=사업보고서 || filing_date=2022-03-11 || is_revision=False || pdf_file_name=[HD현대일렉트릭]사업보고서(2022.03.11).pdf || pdf_sha256=AE8DF195B78C4C4D0288C197F2B63B6D72AB188F22413B98B25B0206EEAEF3FD || xbrl_zip_file_name=[HD현대일렉트릭]사업보고서_IFRS(원문XBRL)(2022.03.11).zip || xbrl_zip_sha256=548B18B8DA82F33928627A534CF0AEEEEA535690B51705F07119F7FA13000D5E || pair_status=PAIRED"
"267260","HD현대일렉트릭","8","report_type_kr=분기보고서 || pair_status=PAIRED","report_type_kr=분기보고서 || filing_date=2022-05-16 || is_revision=False || pdf_file_name=[HD현대일렉트릭]분기보고서(2022.05.16).pdf || pdf_sha256=DE9224D836363F6E9C02C242F98F541161A871FD86BCDD57866D77828FD218BA || xbrl_zip_file_name=[HD현대일렉트릭]분기보고서_IFRS(원문XBRL)(2022.05.16).zip || xbrl_zip_sha256=95014CE74D6017195EDDD88826B8A14FB8F019A15414D644722E79A4DA641E88 || pair_status=PAIRED"
"267260","HD현대일렉트릭","9","report_type_kr=반기보고서 || pair_status=PAIRED","report_type_kr=반기보고서 || filing_date=2022-08-16 || is_revision=False || pdf_file_name=[HD현대일렉트릭]반기보고서(2022.08.16).pdf || pdf_sha256=B39EBD7C308D3796550A597B0267865CED12D04DFD782612F6EB62D85BBAA64D || xbrl_zip_file_name=[HD현대일렉트릭]반기보고서_IFRS(원문XBRL)(2022.08.16).zip || xbrl_zip_sha256=F8A41EA26ADBA959E691546719EFF1D404B4CD1FCEB5B3C7493838A41B41E3CA || pair_status=PAIRED"
"267260","HD현대일렉트릭","10","report_type_kr=분기보고서 || pair_status=PAIRED","report_type_kr=분기보고서 || filing_date=2022-11-14 || is_revision=False || pdf_file_name=[HD현대일렉트릭]분기보고서(2022.11.14).pdf || pdf_sha256=96198A76866FD54B89D91EB1F3E6EA20EA5EDC9F4F5AB66D48961FF97F1D8450 || xbrl_zip_file_name=[HD현대일렉트릭]분기보고서_IFRS(원문XBRL)(2022.11.14).zip || xbrl_zip_sha256=A2E302014E185DC9711A2822C249DA956CF258D0332C987CC5A18F3B249771B0 || pair_status=PAIRED"
"267260","HD현대일렉트릭","11","report_type_kr=사업보고서 || pair_status=PAIRED","report_type_kr=사업보고서 || filing_date=2023-03-14 || is_revision=False || pdf_file_name=[HD현대일렉트릭]사업보고서(2023.03.14).pdf || pdf_sha256=57E63CFD4B4C641B9E1428C7FBFEE5CBE4A0CBE72B6687EF271BB94C4ECDA4DD || xbrl_zip_file_name=[HD현대일렉트릭]사업보고서_IFRS(원문XBRL)(2023.03.14).zip || xbrl_zip_sha256=9B2F01F316CD1FF21AB4C3D97B69AC6BC557C68DCC8A9CD86089288BD10DE3E8 || pair_status=PAIRED"
"267260","HD현대일렉트릭","12","report_type_kr=분기보고서 || pair_status=PAIRED","report_type_kr=분기보고서 || filing_date=2023-05-15 || is_revision=False || pdf_file_name=[HD현대일렉트릭]분기보고서(2023.05.15).pdf || pdf_sha256=3598B9D149E75944B8EB3D1AFAEB7376037F4141FAEFF80149E189F35042AAB0 || xbrl_zip_file_name=[HD현대일렉트릭]분기보고서_IFRS(원문XBRL)(2023.05.15).zip || xbrl_zip_sha256=468CCD14BC26680F76FEA7C847AEF851CE3739FE72ABFB97BF4A0938341DCA6C || pair_status=PAIRED"
"267260","HD현대일렉트릭","13","report_type_kr=반기보고서 || pair_status=PAIRED","report_type_kr=반기보고서 || filing_date=2023-08-14 || is_revision=False || pdf_file_name=[HD현대일렉트릭]반기보고서(2023.08.14).pdf || pdf_sha256=7D0B12BF1D8169A1B4B9D7220126C12E196A2377533D5D7DF7F2B9852FA9721F || xbrl_zip_file_name=[HD현대일렉트릭]반기보고서_IFRS(원문XBRL)(2023.08.14).zip || xbrl_zip_sha256=69F5D94C6C130F0241FD4FB5C701A0A3815452C672C1727C5D2D628BCA66BC36 || pair_status=PAIRED"
"267260","HD현대일렉트릭","14","report_type_kr=분기보고서 || pair_status=PAIRED","report_type_kr=분기보고서 || filing_date=2023-11-14 || is_revision=False || pdf_file_name=[HD현대일렉트릭]분기보고서(2023.11.14).pdf || pdf_sha256=0C99AD7BAC35E6F654465CF61C10D2CEE66BC51E6CDF1CF23776E28C7FD87FFE || xbrl_zip_file_name=[HD현대일렉트릭]분기보고서_IFRS(원문XBRL)(2023.11.14).zip || xbrl_zip_sha256=65D979468704C594C73CB2CEDC1B5E08CC73C2D3EE96C7ECD738483B5B5A51BE || pair_status=PAIRED"
"267260","HD현대일렉트릭","15","report_type_kr=사업보고서 || pair_status=PAIRED","report_type_kr=사업보고서 || filing_date=2024-03-18 || is_revision=False || pdf_file_name=[HD현대일렉트릭]사업보고서(2024.03.18).pdf || pdf_sha256=9196E57CF61E46E625FABA960B7D75078943D8F7A84A540B9A349FAA5878F518 || xbrl_zip_file_name=[HD현대일렉트릭]사업보고서_IFRS(원문XBRL)(2024.03.18).zip || xbrl_zip_sha256=90CE5D7B6BE6D385A2108443E0F8B970FBBEE283869A856BA6648B50AEAC5757 || pair_status=PAIRED"
"267260","HD현대일렉트릭","16","report_type_kr=분기보고서 || pair_status=PAIRED","report_type_kr=분기보고서 || filing_date=2024-05-16 || is_revision=False || pdf_file_name=[HD현대일렉트릭]분기보고서(2024.05.16).pdf || pdf_sha256=3CD8B143E4F4864C109CB9F11C535A405F2A045DCFF0D337A955817F5A891956 || xbrl_zip_file_name=[HD현대일렉트릭]분기보고서_IFRS(원문XBRL)(2024.05.16).zip || xbrl_zip_sha256=4E5E5394485070C4D3890060C8BF93E3C685F7F6BE58802D321E5E874FF70E4E || pair_status=PAIRED"
"267260","HD현대일렉트릭","17","report_type_kr=반기보고서 || pair_status=PAIRED","report_type_kr=반기보고서 || filing_date=2024-08-14 || is_revision=False || pdf_file_name=[HD현대일렉트릭]반기보고서(2024.08.14).pdf || pdf_sha256=BF7E14E42EF32BF628756571491150735B576D8F24AE68FF6B98A1E9E7C672F8 || xbrl_zip_file_name=[HD현대일렉트릭]반기보고서_IFRS(원문XBRL)(2024.08.14).zip || xbrl_zip_sha256=3ED049186161464DEAA8961730F98A05E0E26ACF9E4028002D70581D9AFBE643 || pair_status=PAIRED"
"267260","HD현대일렉트릭","18","report_type_kr=분기보고서 || pair_status=PAIRED","report_type_kr=분기보고서 || filing_date=2024-11-14 || is_revision=False || pdf_file_name=[HD현대일렉트릭]분기보고서(2024.11.14).pdf || pdf_sha256=BCC24E480AD6AC40F30957EA2A72B5B819173AA52FF6E800B6F450376A62A919 || xbrl_zip_file_name=[HD현대일렉트릭]분기보고서_IFRS(원문XBRL)(2024.11.14).zip || xbrl_zip_sha256=9985B6CE216AFDACFA32E91BC7C5E1556F7A1D11E09CD8098B53A0E569A3D81D || pair_status=PAIRED"
"267260","HD현대일렉트릭","19","report_type_kr=사업보고서 || pair_status=PAIRED","report_type_kr=사업보고서 || filing_date=2025-03-20 || is_revision=True || pdf_file_name=[HD현대일렉트릭][정정]사업보고서(2025.03.20).pdf || pdf_sha256=01E88271F0FED477142CA29360364EC25DF0D827880DE004FC7CD4E83CE2FFE4 || xbrl_zip_file_name=[HD현대일렉트릭][정정]사업보고서_IFRS(원문XBRL)(2025.03.20).zip || xbrl_zip_sha256=F30A6FEE5DB6DCF4E39B4C9B655AE04327B8B5BBAC3E9581774FDE2B8E1A8920 || pair_status=PAIRED"
"267260","HD현대일렉트릭","20","report_type_kr=분기보고서 || pair_status=PAIRED","report_type_kr=분기보고서 || filing_date=2025-05-15 || is_revision=False || pdf_file_name=[HD현대일렉트릭]분기보고서(2025.05.15).pdf || pdf_sha256=886073A71857F3BD1144F8F34CF6F1797D52722EC2045A33798BD1DB317F2E6D || xbrl_zip_file_name=[HD현대일렉트릭]분기보고서_IFRS(원문XBRL)(2025.05.15).zip || xbrl_zip_sha256=4FB672C3E8889432D6954625E96B7783A9F1CA5B95D13871358179525162B312 || pair_status=PAIRED"
"267260","HD현대일렉트릭","21","report_type_kr=반기보고서 || pair_status=PAIRED","report_type_kr=반기보고서 || filing_date=2025-08-14 || is_revision=False || pdf_file_name=[HD현대일렉트릭]반기보고서(2025.08.14).pdf || pdf_sha256=986558610479EF1B8440D03E9654EAAF3FAB104B08215868A88DB3D85B2B60E2 || xbrl_zip_file_name=[HD현대일렉트릭]반기보고서_IFRS(원문XBRL)(2025.08.14).zip || xbrl_zip_sha256=F0B5A252E9BE0CE0AE3B5087FAECAEE7547AD4BA23EB75C02DDA26779F19D5AD || pair_status=PAIRED"
"267260","HD현대일렉트릭","22","report_type_kr=분기보고서 || pair_status=PAIRED","report_type_kr=분기보고서 || filing_date=2025-11-14 || is_revision=False || pdf_file_name=[HD현대일렉트릭]분기보고서(2025.11.14).pdf || pdf_sha256=052A3371C5A975B3CA5BFFC6279DA6F5EE38B58E47145E46BC67F9ABDEFA602F || xbrl_zip_file_name=[HD현대일렉트릭]분기보고서_IFRS(원문XBRL)(2025.11.14).zip || xbrl_zip_sha256=F3A603E1988B6F0B35F61DE984102779143BB519583CD5F26144EA134A6E8E02 || pair_status=PAIRED"
"267260","HD현대일렉트릭","23","report_type_kr=사업보고서 || pair_status=PAIRED","report_type_kr=사업보고서 || filing_date=2026-03-16 || is_revision=False || pdf_file_name=[HD현대일렉트릭]사업보고서(2026.03.16).pdf || pdf_sha256=991DD64A9C4E8EBD9E420CA33E1EE26709BE4C36860CFDCC1BC16C532A8889D6 || xbrl_zip_file_name=[HD현대일렉트릭]사업보고서_IFRS(원문XBRL)(2026.03.16).zip || xbrl_zip_sha256=5D1E36F15552BDED3D37141774AEE993B8BEF5386EB75C54DFEBEE4017922208 || pair_status=PAIRED"
"267260","HD현대일렉트릭","24","report_type_kr=분기보고서 || pair_status=PAIRED","report_type_kr=분기보고서 || filing_date=2026-05-15 || is_revision=False || pdf_file_name=[HD현대일렉트릭]분기보고서(2026.05.15).pdf || pdf_sha256=98A5D2342651EFE3271A1EDBBA6A6F38905541DB9E037B64481D97545650D585 || xbrl_zip_file_name=[HD현대일렉트릭]분기보고서_IFRS(원문XBRL)(2026.05.15).zip || xbrl_zip_sha256=9A3A1F5E98B3BC95F82C238606D6A820A92CDF52467034DB02DE6F139CCEF6AF || pair_status=PAIRED"
