"security_id","company_name","candidate_file_count","exact_pairing_csv_count","pairing_row_count","pdf_xbrl_pair_count","pdf_only_count","review_pair_content_count","pairing_discovery_status","candidate_file_names"
"064350","현대로템","20","0",,"0","0","0","ALTERNATIVE_PAIRING_OR_QA_CANDIDATES_FOUND","sheet_scope_address_mapping_hyundai_rotem.csv | SOPH_DART_064350_현대로템_공시자료_정제본_v0.xlsx | SOPH_DART_064350_현대로템_공시자료_정제본_v1.xlsx | SOPH_DART_064350_현대로템_공시자료_정제본_v2.xlsx | SOPH_DART_064350_현대로템_공시자료_정제본_v3.xlsx | SOPH_DART_064350_현대로템_공시자료_정제본_v4.xlsx | SOPH_DART_064350_현대로템_공시자료_정제본_v4_1.xlsx | SOPH_DART_064350_현대로템_공시자료_정제본_v4_2.xlsx | SOPH_DART_064350_현대로템_공시자료_정제본_v4_3.xlsx | SOPH_DART_064350_현대로템_공시자료_정제본_v4_4.xlsx | SOPH_DART_064350_현대로템_공시자료_정제본_v4_5.xlsx | SOPH_DART_064350_현대로템_공시자료_정제본_v4_6.xlsx | v4_1_context_review_targets_hyundai_rotem.csv | v4_1_mapping_integrity_check_hyundai_rotem.csv | v4_1_reverse_trace_qa_hyundai_rotem.csv | v4_3_manual_review_integrity_check_hyundai_rotem.csv | v4_reverse_trace_qa_hyundai_rotem.csv | dart_pdf_toc_entries_kr9.csv | dart_pdf_toc_summary_kr9.csv | dart_zip_xbrl_structure_check_kr9.csv"
"012450","한화에어로스페이스","2","0",,"0","0","0","ALTERNATIVE_PAIRING_OR_QA_CANDIDATES_FOUND","SOPH_DART_064350_현대로템_공시자료_정제본_v4_6_REFERENCE_TEMPLATE.xlsx | HANWHA_AEROSPACE_012450_SOURCE_PAIR_STATUS.csv"
"298040","효성중공업","2","0",,"0","0","0","ALTERNATIVE_PAIRING_OR_QA_CANDIDATES_FOUND","SOPH_DART_064350_현대로템_공시자료_정제본_v4_6_REFERENCE_TEMPLATE.xlsx | 298040_SOURCE_PAIR_STATUS.csv"
"010120","LS일렉트릭","1","0",,"0","0","0","ALTERNATIVE_PAIRING_OR_QA_CANDIDATES_FOUND","SOPH_DART_064350_현대로템_공시자료_정제본_v4_6_REFERENCE_TEMPLATE.xlsx"
"267260","HD현대일렉트릭","2","0",,"0","0","0","ALTERNATIVE_PAIRING_OR_QA_CANDIDATES_FOUND","SOPH_DART_064350_현대로템_공시자료_정제본_v4_6_REFERENCE_TEMPLATE.xlsx | 267260_SOURCE_PAIR_STATUS.csv"
"018260","삼성SDS","2","0",,"0","0","0","ALTERNATIVE_PAIRING_OR_QA_CANDIDATES_FOUND","SOPH_DART_064350_현대로템_공시자료_정제본_v4_6_REFERENCE_TEMPLATE.xlsx | 018260_SOURCE_PAIR_STATUS.csv"
"064400","LG CNS","2","0",,"0","0","0","ALTERNATIVE_PAIRING_OR_QA_CANDIDATES_FOUND","SOPH_DART_064350_현대로템_공시자료_정제본_v4_6_REFERENCE_TEMPLATE.xlsx | LG_CNS_064400_SOURCE_PAIR_STATUS.csv"
"307950","현대오토에버","2","0",,"0","0","0","ALTERNATIVE_PAIRING_OR_QA_CANDIDATES_FOUND","SOPH_DART_064350_현대로템_공시자료_정제본_v4_6_REFERENCE_TEMPLATE.xlsx | 307950_SOURCE_PAIR_STATUS.csv"
"079550","LIG넥스원","2","0",,"0","0","0","ALTERNATIVE_PAIRING_OR_QA_CANDIDATES_FOUND","SOPH_DART_064350_현대로템_공시자료_정제본_v4_6_REFERENCE_TEMPLATE.xlsx | 079550_SOURCE_PAIR_STATUS.csv"
