security_id,market,market_date,raw_close,volume,adj_close
TER,US,2025-10-01,141.12,3177100.0,141.12
TER,US,2025-10-02,144.53,3307400.0,144.53
TER,US,2025-10-03,145.64,2798300.0,145.64
TER,US,2025-10-06,147.87,3706000.0,147.87
TER,US,2025-10-07,140.14,3689400.0,140.14
TER,US,2025-10-08,144.6,2601400.0,144.6
TER,US,2025-10-09,145.19,2039700.0,145.19
TER,US,2025-10-10,132.08,5757100.0,132.08
TER,US,2025-10-13,139.13,3344800.0,139.13
TER,US,2025-10-14,136.97,3043200.0,136.97
TER,US,2025-10-15,141.03,2373700.0,141.03
TER,US,2025-10-16,139.3,1783500.0,139.3
TER,US,2025-10-17,138.16,1924300.0,138.16
TER,US,2025-10-20,139.19,2345700.0,139.19
TER,US,2025-10-21,143.33,2180200.0,143.33
TER,US,2025-10-22,138.84,3917900.0,138.84
TER,US,2025-10-23,145.04,2813800.0,145.04
TER,US,2025-10-24,144.28,2079600.0,144.28
TER,US,2025-10-27,147.5,3940900.0,147.5
TER,US,2025-10-28,144.38,5016800.0,144.38
TER,US,2025-10-29,173.94,12203800.0,173.94
TER,US,2025-10-30,176.88,5268400.0,176.88
TER,US,2025-10-31,181.76,4540000.0,181.76
TER,US,2025-11-03,183.07,3309900.0,183.07
TER,US,2025-11-04,175.65,3216500.0,175.65
TER,US,2025-11-05,187.59,4135300.0,187.59
TER,US,2025-11-06,185.02,4504200.0,185.02
TER,US,2025-11-07,182.28,3627400.0,182.28
TER,US,2025-11-10,184.08,2954400.0,184.08
TER,US,2025-11-11,177.23,2928800.0,177.23
TER,US,2025-11-12,179.27,2365600.0,179.27
TER,US,2025-11-13,169.59,4473200.0,169.59
TER,US,2025-11-14,169.97,3208300.0,169.97
TER,US,2025-11-17,167.44,3517700.0,167.44
TER,US,2025-11-18,163.72,2803700.0,163.72
TER,US,2025-11-19,168.23,2726200.0,168.23
TER,US,2025-11-20,155.9,5142700.0,155.9
TER,US,2025-11-21,158.91,3871300.0,158.91
TER,US,2025-11-24,165.97,5139900.0,165.97
TER,US,2025-11-25,167.67,2833700.0,167.67
TER,US,2025-11-26,179.38,3744500.0,179.38
TER,US,2025-11-28,181.89,1877100.0,181.89
TER,US,2025-12-01,179.63,2765800.0,179.63
TER,US,2025-12-02,189.94,3721700.0,189.94
TER,US,2025-12-03,195.08,3339200.0,195.08
TER,US,2025-12-04,198.63,4260700.0,198.63
TER,US,2025-12-05,200.77,2656000.0,200.77
TER,US,2025-12-08,202.99,2100000.0,202.99
TER,US,2025-12-09,199.97,1871400.0,199.97
TER,US,2025-12-10,204.01,2057200.0,204.01
TER,US,2025-12-11,203.97,2507100.0,203.97
TER,US,2025-12-12,193.37,4163300.0,193.37
TER,US,2025-12-15,194.7,3223300.0,194.7
TER,US,2025-12-16,192.29,3711500.0,192.29
TER,US,2025-12-17,185.21,3577500.0,185.21
TER,US,2025-12-18,190.45,2754700.0,190.45
TER,US,2025-12-19,195.18,7880500.0,195.18
TER,US,2025-12-22,197.22,2756500.0,197.22
TER,US,2025-12-23,198.5,1344900.0,198.5
TER,US,2025-12-24,198.53,713100.0,198.53
TER,US,2025-12-26,198.9,1247800.0,198.9
TER,US,2025-12-29,197.36,1717900.0,197.36
TER,US,2025-12-30,196.67,1989400.0,196.67
TER,US,2025-12-31,193.56,1193900.0,193.56
TER,US,2026-01-02,207.56,3224100.0,207.56
TER,US,2026-01-05,219.5,4271600.0,219.5
TER,US,2026-01-06,228.84,3377900.0,228.84
TER,US,2026-01-07,222.48,2518400.0,222.48
TER,US,2026-01-08,216.31,3141800.0,216.31
TER,US,2026-01-09,217.26,2569900.0,217.26
TER,US,2026-01-12,224.36,2448100.0,224.36
TER,US,2026-01-13,229.27,2313900.0,229.27
TER,US,2026-01-14,230.19,2423500.0,230.19
TER,US,2026-01-15,227.7,3459800.0,227.7
TER,US,2026-01-16,228.15,2298000.0,228.15
TER,US,2026-01-20,223.98,2627800.0,223.98
TER,US,2026-01-21,231.89,3005500.0,231.89
TER,US,2026-01-22,229.14,2807300.0,229.14
TER,US,2026-01-23,229.18,1830500.0,229.18
TER,US,2026-01-26,231.75,2084300.0,231.75
TER,US,2026-01-27,238.94,2805200.0,238.94
TER,US,2026-01-28,250.48,3909300.0,250.48
TER,US,2026-01-29,251.87,2695100.0,251.87
TER,US,2026-01-30,241.05,3704500.0,241.05
TER,US,2026-02-02,249.53,6576500.0,249.53
TER,US,2026-02-03,282.98,11795000.0,282.98
TER,US,2026-02-04,269.07,7187400.0,269.07
TER,US,2026-02-05,271.13,3896600.0,271.13
TER,US,2026-02-06,300.11,5021100.0,300.11
TER,US,2026-02-09,310.01,5345100.0,310.01
TER,US,2026-02-10,304.89,2930500.0,304.89
TER,US,2026-02-11,321.45,3651400.0,321.45
TER,US,2026-02-12,311.03,5023400.0,311.03
TER,US,2026-02-13,314.66,2600600.0,314.66
TER,US,2026-02-17,305.53,2383300.0,305.53
TER,US,2026-02-18,314.82,2753700.0,314.82
TER,US,2026-02-19,315.9,1826700.0,315.9
TER,US,2026-02-20,324.85,2603500.0,324.85
TER,US,2026-02-23,318.5,2567600.0,318.5
TER,US,2026-02-24,329.09,2271300.0,329.09
TER,US,2026-02-25,342.82,3102700.0,342.82
TER,US,2026-02-26,332.7,4915300.0,332.7
TER,US,2026-02-27,320.03,4426300.0,320.03
TER,US,2026-03-02,325.83,2488700.0,325.83
TER,US,2026-03-03,304.22,3698500.0,304.22
TER,US,2026-03-04,305.2,3358900.0,305.2
TER,US,2026-03-05,305.58,3936100.0,305.58
TER,US,2026-03-06,273.05,5896900.0,273.05
TER,US,2026-03-09,296.44,6533700.0,296.44
TER,US,2026-03-10,300.77,2829500.0,300.77
TER,US,2026-03-11,301.99,2580500.0,301.99
TER,US,2026-03-12,286.61,2956400.0,286.61
TER,US,2026-03-13,286.42,2166100.0,286.42
TER,US,2026-03-16,298.27,2448400.0,298.27
TER,US,2026-03-17,299.4,2481800.0,299.4
TER,US,2026-03-18,300.07,2653400.0,300.07
TER,US,2026-03-19,302.4,2808100.0,302.4
TER,US,2026-03-20,290.83,4996200.0,290.83
TER,US,2026-03-23,303.92,4243500.0,303.92
TER,US,2026-03-24,320.14,3207700.0,320.14
TER,US,2026-03-25,323.36,3077100.0,323.36
TER,US,2026-03-26,297.34,3017600.0,297.34
TER,US,2026-03-27,295.61,2164200.0,295.61
TER,US,2026-03-30,276.35,3130100.0,276.35
TER,US,2026-03-31,296.46,3354000.0,296.46
TER,US,2026-04-01,312.2,2961800.0,312.2
TER,US,2026-04-02,309.61,2744900.0,309.61
TER,US,2026-04-06,315.43,1762900.0,315.43
TER,US,2026-04-07,320.48,1894800.0,320.48
TER,US,2026-04-08,358.29,5814100.0,358.29
TER,US,2026-04-09,364.21,4484300.0,364.21
TER,US,2026-04-10,367.99,3113400.0,367.99
TER,US,2026-04-13,370.13,2434700.0,370.13
TER,US,2026-04-14,365.51,2639900.0,365.51
TER,US,2026-04-15,364.96,2366600.0,364.96
TER,US,2026-04-16,365.92,1818600.0,365.92
TER,US,2026-04-17,380.38,2423200.0,380.38
TER,US,2026-04-20,375.21,1819400.0,375.21
TER,US,2026-04-21,379.93,1833900.0,379.93
TER,US,2026-04-22,385.18,2223200.0,385.18
TER,US,2026-04-23,400.99,2476200.0,400.99
TER,US,2026-04-24,418.08,3234600.0,418.08
TER,US,2026-04-27,402.0,4027200.0,402.0
TER,US,2026-04-28,380.13,4596200.0,380.13
TER,US,2026-04-29,306.33,13070500.0,306.33
TER,US,2026-04-30,343.47,7836300.0,343.47
TER,US,2026-05-01,345.42,2876800.0,345.42
TER,US,2026-05-04,337.44,3100000.0,337.44
TER,US,2026-05-05,357.1,3565700.0,357.1
TER,US,2026-05-06,382.48,3836200.0,382.48
TER,US,2026-05-07,354.11,5001500.0,354.11
TER,US,2026-05-08,359.77,3486000.0,359.77
TER,US,2026-05-11,366.64,4427900.0,366.64
TER,US,2026-05-12,358.45,5646000.0,358.45
TER,US,2026-05-13,363.38,3628700.0,363.38
TER,US,2026-05-14,356.55,2352500.0,356.55
TER,US,2026-05-15,337.88,4251900.0,337.88
TER,US,2026-05-18,321.05,4670100.0,321.05
TER,US,2026-05-19,321.52,3489000.0,321.52
TER,US,2026-05-20,344.34,3387500.0,344.34
TER,US,2026-05-21,353.44,3587000.0,353.44
TER,US,2026-05-22,358.44,2708500.0,358.44
TER,US,2026-05-26,389.14,4005700.0,389.14
TER,US,2026-05-27,375.83,3275000.0,375.83
TER,US,2026-05-28,382.65,2762100.0,382.65
TER,US,2026-05-29,374.31,4129200.0,374.31
TER,US,2026-06-01,369.47,2523400.0,369.47
TER,US,2026-06-02,392.62,3413100.0,392.62
TER,US,2026-06-03,409.67,3254600.0,409.67
TER,US,2026-06-04,406.86,4214000.0,406.86
TER,US,2026-06-05,357.93,5471100.0,357.93
TER,US,2026-06-08,374.69,2940900.0,374.69
TER,US,2026-06-09,369.21,4262100.0,369.21
TER,US,2026-06-10,347.59,3745800.0,347.59
TER,US,2026-06-11,381.4,5027400.0,381.4
TER,US,2026-06-12,403.2,3322900.0,403.2
TER,US,2026-06-15,432.41,4558000.0,432.41
TER,US,2026-06-16,409.35,3977800.0,409.35
TER,US,2026-06-17,408.56,3527600.0,408.56
TER,US,2026-06-18,437.92,17958200.0,437.92
TER,US,2026-06-22,457.0,4338500.0,457.0
TER,US,2026-06-23,420.12,7671700.0,420.12
TER,US,2026-06-24,427.2,3256600.0,427.2
TER,US,2026-06-25,471.96,7025300.0,471.96
TER,US,2026-06-26,436.86,11486400.0,436.86
TER,US,2026-06-29,463.21,5089100.0,463.21
TER,US,2026-06-30,483.84,5022400.0,483.84
ANET,US,2025-10-01,149.27,7820700.0,149.27
ANET,US,2025-10-02,144.46,9473800.0,144.46
ANET,US,2025-10-03,145.5,7178600.0,145.5
ANET,US,2025-10-06,149.5,7277600.0,149.5
ANET,US,2025-10-07,145.29,7348700.0,145.29
ANET,US,2025-10-08,157.36,11283400.0,157.36
ANET,US,2025-10-09,158.23,8459900.0,158.23
ANET,US,2025-10-10,154.1,10459300.0,154.1
ANET,US,2025-10-13,147.45,14233900.0,147.45
ANET,US,2025-10-14,138.79,13672400.0,138.79
ANET,US,2025-10-15,143.38,8687000.0,143.38
ANET,US,2025-10-16,146.01,6909500.0,146.01
ANET,US,2025-10-17,143.1,6533900.0,143.1
ANET,US,2025-10-20,146.48,6120700.0,146.48
ANET,US,2025-10-21,145.94,3648900.0,145.94
ANET,US,2025-10-22,146.59,7349200.0,146.59
ANET,US,2025-10-23,152.76,7327400.0,152.76
ANET,US,2025-10-24,153.82,5170800.0,153.82
ANET,US,2025-10-27,156.81,5509100.0,156.81
ANET,US,2025-10-28,156.77,5037400.0,156.77
ANET,US,2025-10-29,162.03,6901400.0,162.03
ANET,US,2025-10-30,158.44,6911300.0,158.44
ANET,US,2025-10-31,157.69,6209300.0,157.69
ANET,US,2025-11-03,157.59,6422600.0,157.59
ANET,US,2025-11-04,153.55,9026400.0,153.55
ANET,US,2025-11-05,140.42,15901000.0,140.42
ANET,US,2025-11-06,134.02,13296100.0,134.02
ANET,US,2025-11-07,134.65,11341600.0,134.65
ANET,US,2025-11-10,137.26,6974300.0,137.26
ANET,US,2025-11-11,134.93,7189300.0,134.93
ANET,US,2025-11-12,134.98,6471400.0,134.98
ANET,US,2025-11-13,130.3,10471400.0,130.3
ANET,US,2025-11-14,131.37,10672500.0,131.37
ANET,US,2025-11-17,127.26,12455900.0,127.26
ANET,US,2025-11-18,123.45,12561100.0,123.45
ANET,US,2025-11-19,124.81,7703500.0,124.81
ANET,US,2025-11-20,119.59,12642000.0,119.59
ANET,US,2025-11-21,117.43,16704100.0,117.43
ANET,US,2025-11-24,122.17,12758600.0,122.17
ANET,US,2025-11-25,125.04,7143400.0,125.04
ANET,US,2025-11-26,127.65,5995000.0,127.65
ANET,US,2025-11-28,130.68,3895000.0,130.68
ANET,US,2025-12-01,128.11,4690600.0,128.11
ANET,US,2025-12-02,127.22,5619000.0,127.22
ANET,US,2025-12-03,127.8,5286300.0,127.8
ANET,US,2025-12-04,128.55,4516400.0,128.55
ANET,US,2025-12-05,128.59,5166300.0,128.59
ANET,US,2025-12-08,129.11,7813800.0,129.11
ANET,US,2025-12-09,130.04,5227900.0,130.04
ANET,US,2025-12-10,132.36,5921300.0,132.36
ANET,US,2025-12-11,134.39,6679500.0,134.39
ANET,US,2025-12-12,124.76,8508700.0,124.76
ANET,US,2025-12-15,125.89,6441900.0,125.89
ANET,US,2025-12-16,126.13,6656100.0,126.13
ANET,US,2025-12-17,122.36,8589200.0,122.36
ANET,US,2025-12-18,124.62,5515200.0,124.62
ANET,US,2025-12-19,131.12,12713100.0,131.12
ANET,US,2025-12-22,130.73,5547300.0,130.73
ANET,US,2025-12-23,131.32,2884300.0,131.32
ANET,US,2025-12-24,130.77,1642400.0,130.77
ANET,US,2025-12-26,131.84,2308400.0,131.84
ANET,US,2025-12-29,134.15,6199700.0,134.15
ANET,US,2025-12-30,132.44,4081100.0,132.44
ANET,US,2025-12-31,131.03,3821600.0,131.03
ANET,US,2026-01-02,133.6,4707400.0,133.6
ANET,US,2026-01-05,137.19,9691900.0,137.19
ANET,US,2026-01-06,132.58,8004000.0,132.58
ANET,US,2026-01-07,130.08,7550700.0,130.08
ANET,US,2026-01-08,123.72,8944200.0,123.72
ANET,US,2026-01-09,122.89,8989700.0,122.89
ANET,US,2026-01-12,123.42,8795900.0,123.42
ANET,US,2026-01-13,129.93,8638900.0,129.93
ANET,US,2026-01-14,125.09,7414600.0,125.09
ANET,US,2026-01-15,130.59,8562300.0,130.59
ANET,US,2026-01-16,129.83,5987000.0,129.83
ANET,US,2026-01-20,127.52,6371300.0,127.52
ANET,US,2026-01-21,127.29,5931000.0,127.29
ANET,US,2026-01-22,138.41,14906700.0,138.41
ANET,US,2026-01-23,136.34,8053900.0,136.34
ANET,US,2026-01-26,143.72,10658200.0,143.72
ANET,US,2026-01-27,146.69,8697000.0,146.69
ANET,US,2026-01-28,150.15,8568200.0,150.15
ANET,US,2026-01-29,148.15,8915300.0,148.15
ANET,US,2026-01-30,141.74,6364000.0,141.74
ANET,US,2026-02-02,138.37,7719200.0,138.37
ANET,US,2026-02-03,139.39,8202300.0,139.39
ANET,US,2026-02-04,130.28,13313800.0,130.28
ANET,US,2026-02-05,128.67,9640500.0,128.67
ANET,US,2026-02-06,137.49,8986800.0,137.49
ANET,US,2026-02-09,141.74,6801400.0,141.74
ANET,US,2026-02-10,143.45,6138100.0,143.45
ANET,US,2026-02-11,140.66,6942400.0,140.66
ANET,US,2026-02-12,135.12,16322100.0,135.12
ANET,US,2026-02-13,141.59,21823000.0,141.59
ANET,US,2026-02-17,142.58,8724200.0,142.58
ANET,US,2026-02-18,139.54,9955700.0,139.54
ANET,US,2026-02-19,137.23,5260600.0,137.23
ANET,US,2026-02-20,132.79,8309000.0,132.79
ANET,US,2026-02-23,127.43,9706800.0,127.43
ANET,US,2026-02-24,128.77,8120000.0,128.77
ANET,US,2026-02-25,132.89,7611600.0,132.89
ANET,US,2026-02-26,130.25,6360700.0,130.25
ANET,US,2026-02-27,133.5,9043300.0,133.5
ANET,US,2026-03-02,129.3,6875000.0,129.3
ANET,US,2026-03-03,124.6,6119700.0,124.6
ANET,US,2026-03-04,134.83,6897700.0,134.83
ANET,US,2026-03-05,139.4,8384600.0,139.4
ANET,US,2026-03-06,132.89,6282000.0,132.89
ANET,US,2026-03-09,137.17,6715200.0,137.17
ANET,US,2026-03-10,139.62,5435800.0,139.62
ANET,US,2026-03-11,138.23,4165100.0,138.23
ANET,US,2026-03-12,134.03,5494200.0,134.03
ANET,US,2026-03-13,133.57,5364800.0,133.57
ANET,US,2026-03-16,135.35,7884200.0,135.35
ANET,US,2026-03-17,133.07,5959000.0,133.07
ANET,US,2026-03-18,136.07,5264100.0,136.07
ANET,US,2026-03-19,136.26,4418900.0,136.26
ANET,US,2026-03-20,131.22,11351600.0,131.22
ANET,US,2026-03-23,135.88,6402200.0,135.88
ANET,US,2026-03-24,130.8,7858900.0,130.8
ANET,US,2026-03-25,135.01,5353300.0,135.01
ANET,US,2026-03-26,122.55,7553500.0,122.55
ANET,US,2026-03-27,120.77,5940200.0,120.77
ANET,US,2026-03-30,116.13,7540500.0,116.13
ANET,US,2026-03-31,122.78,7837700.0,122.78
ANET,US,2026-04-01,124.85,5037700.0,124.85
ANET,US,2026-04-02,126.68,5125100.0,126.68
ANET,US,2026-04-06,126.25,3033100.0,126.25
ANET,US,2026-04-07,133.64,5758000.0,133.64
ANET,US,2026-04-08,145.07,12136800.0,145.07
ANET,US,2026-04-09,146.05,7266100.0,146.05
ANET,US,2026-04-10,147.35,7054100.0,147.35
ANET,US,2026-04-13,152.02,7217900.0,152.02
ANET,US,2026-04-14,154.37,7114000.0,154.37
ANET,US,2026-04-15,154.33,5835300.0,154.33
ANET,US,2026-04-16,161.01,7205600.0,161.01
ANET,US,2026-04-17,164.23,8216400.0,164.23
ANET,US,2026-04-20,166.85,6113300.0,166.85
ANET,US,2026-04-21,172.86,8918900.0,172.86
ANET,US,2026-04-22,177.73,8699400.0,177.73
ANET,US,2026-04-23,172.55,7428000.0,172.55
ANET,US,2026-04-24,176.91,7508000.0,176.91
ANET,US,2026-04-27,172.47,6782500.0,172.47
ANET,US,2026-04-28,165.29,7414100.0,165.29
ANET,US,2026-04-29,168.68,6270500.0,168.68
ANET,US,2026-04-30,172.71,6141700.0,172.71
ANET,US,2026-05-01,172.7,7652400.0,172.7
ANET,US,2026-05-04,172.62,7167900.0,172.62
ANET,US,2026-05-05,170.22,15684800.0,170.22
ANET,US,2026-05-06,147.06,35627200.0,147.06
ANET,US,2026-05-07,141.75,18255700.0,141.75
ANET,US,2026-05-08,141.77,20371600.0,141.77
ANET,US,2026-05-11,136.43,18520900.0,136.43
ANET,US,2026-05-12,142.54,12796100.0,142.54
ANET,US,2026-05-13,140.69,14164600.0,140.69
ANET,US,2026-05-14,147.81,15728200.0,147.81
ANET,US,2026-05-15,141.97,10833000.0,141.97
ANET,US,2026-05-18,141.71,8634500.0,141.71
ANET,US,2026-05-19,141.58,8800800.0,141.58
ANET,US,2026-05-20,140.49,9617000.0,140.49
ANET,US,2026-05-21,148.59,11620600.0,148.59
ANET,US,2026-05-22,154.03,10554600.0,154.03
ANET,US,2026-05-26,158.01,11835300.0,158.01
ANET,US,2026-05-27,154.31,6982200.0,154.31
ANET,US,2026-05-28,155.27,7194300.0,155.27
ANET,US,2026-05-29,159.47,15385900.0,159.47
ANET,US,2026-06-01,170.68,9991500.0,170.68
ANET,US,2026-06-02,175.33,9144300.0,175.33
ANET,US,2026-06-03,174.37,8069700.0,174.37
ANET,US,2026-06-04,166.01,10214000.0,166.01
ANET,US,2026-06-05,154.27,9094700.0,154.27
ANET,US,2026-06-08,156.4,6043100.0,156.4
ANET,US,2026-06-09,152.16,7334100.0,152.16
ANET,US,2026-06-10,151.76,6867400.0,151.76
ANET,US,2026-06-11,156.4,5326700.0,156.4
ANET,US,2026-06-12,163.24,6052500.0,163.24
ANET,US,2026-06-15,169.09,7240800.0,169.09
ANET,US,2026-06-16,168.01,8090900.0,168.01
ANET,US,2026-06-17,164.93,6229500.0,164.93
ANET,US,2026-06-18,169.67,11130400.0,169.67
ANET,US,2026-06-22,174.56,9494400.0,174.56
ANET,US,2026-06-23,162.2,7770100.0,162.2
ANET,US,2026-06-24,161.74,6350600.0,161.74
ANET,US,2026-06-25,165.45,8231200.0,165.45
ANET,US,2026-06-26,157.6,11865200.0,157.6
ANET,US,2026-06-29,164.1,8535700.0,164.1
ANET,US,2026-06-30,169.88,10281800.0,169.88
ALAB,US,2025-10-01,194.5,4896100.0,194.5
ALAB,US,2025-10-02,209.6,6604100.0,209.6
ALAB,US,2025-10-03,200.74,5188100.0,200.74
ALAB,US,2025-10-06,220.81,8726000.0,220.81
ALAB,US,2025-10-07,212.1,4777100.0,212.1
ALAB,US,2025-10-08,219.36,3672400.0,219.36
ALAB,US,2025-10-09,225.43,4635500.0,225.43
ALAB,US,2025-10-10,206.21,6984400.0,206.21
ALAB,US,2025-10-13,199.53,7648900.0,199.53
ALAB,US,2025-10-14,161.55,17592500.0,161.55
ALAB,US,2025-10-15,161.465,7563300.0,161.465
ALAB,US,2025-10-16,163.55,6249700.0,163.55
ALAB,US,2025-10-17,159.8,5850400.0,159.8
ALAB,US,2025-10-20,156.31,5762700.0,156.31
ALAB,US,2025-10-21,157.51,4556800.0,157.51
ALAB,US,2025-10-22,154.85,5274100.0,154.85
ALAB,US,2025-10-23,163.64,5211800.0,163.64
ALAB,US,2025-10-24,164.97,4528100.0,164.97
ALAB,US,2025-10-27,170.28,3950300.0,170.28
ALAB,US,2025-10-28,168.25,2931100.0,168.25
ALAB,US,2025-10-29,173.62,3182900.0,173.62
ALAB,US,2025-10-30,169.55,3084500.0,169.55
ALAB,US,2025-10-31,186.68,9392300.0,186.68
ALAB,US,2025-11-03,191.56,6035600.0,191.56
ALAB,US,2025-11-04,179.31,8955900.0,179.31
ALAB,US,2025-11-05,181.94,9339600.0,181.94
ALAB,US,2025-11-06,162.83,6767600.0,162.83
ALAB,US,2025-11-07,165.49,6400400.0,165.49
ALAB,US,2025-11-10,173.74,4846600.0,173.74
ALAB,US,2025-11-11,167.55,3254700.0,167.55
ALAB,US,2025-11-12,157.79,5811900.0,157.79
ALAB,US,2025-11-13,144.47,7824600.0,144.47
ALAB,US,2025-11-14,144.34,5697400.0,144.34
ALAB,US,2025-11-17,141.39,5409900.0,141.39
ALAB,US,2025-11-18,139.52,4069800.0,139.52
ALAB,US,2025-11-19,142.01,4224900.0,142.01
ALAB,US,2025-11-20,139.29,10310800.0,139.29
ALAB,US,2025-11-21,141.8,6831400.0,141.8
ALAB,US,2025-11-24,147.75,13436500.0,147.75
ALAB,US,2025-11-25,144.78,4269000.0,144.78
ALAB,US,2025-11-26,154.22,5194200.0,154.22
ALAB,US,2025-11-28,157.57,2422200.0,157.57
ALAB,US,2025-12-01,165.19,7596000.0,165.19
ALAB,US,2025-12-02,142.94,17797300.0,142.94
ALAB,US,2025-12-03,152.5,7766100.0,152.5
ALAB,US,2025-12-04,152.51,3813700.0,152.51
ALAB,US,2025-12-05,161.23,4414100.0,161.23
ALAB,US,2025-12-08,175.74,8033300.0,175.74
ALAB,US,2025-12-09,167.08,5018900.0,167.08
ALAB,US,2025-12-10,164.315,2947500.0,164.315
ALAB,US,2025-12-11,173.7,5541100.0,173.7
ALAB,US,2025-12-12,148.85,10324300.0,148.85
ALAB,US,2025-12-15,143.66,5503000.0,143.66
ALAB,US,2025-12-16,144.94,3551000.0,144.94
ALAB,US,2025-12-17,140.24,4513500.0,140.24
ALAB,US,2025-12-18,145.88,3374700.0,145.88
ALAB,US,2025-12-19,164.4,9627000.0,164.4
ALAB,US,2025-12-22,172.62,4824700.0,172.62
ALAB,US,2025-12-23,168.83,2505700.0,168.83
ALAB,US,2025-12-24,169.97,1280000.0,169.97
ALAB,US,2025-12-26,167.26,2089500.0,167.26
ALAB,US,2025-12-29,170.105,1939500.0,170.105
ALAB,US,2025-12-30,170.84,2401600.0,170.84
ALAB,US,2025-12-31,166.36,2438500.0,166.36
ALAB,US,2026-01-02,179.56,5658900.0,179.56
ALAB,US,2026-01-05,167.11,7579600.0,167.11
ALAB,US,2026-01-06,161.01,8028800.0,161.01
ALAB,US,2026-01-07,165.77,5045900.0,165.77
ALAB,US,2026-01-08,156.73,3936000.0,156.73
ALAB,US,2026-01-09,162.61,4093700.0,162.61
ALAB,US,2026-01-12,172.57,4439100.0,172.57
ALAB,US,2026-01-13,180.56,4457100.0,180.56
ALAB,US,2026-01-14,172.14,3622800.0,172.14
ALAB,US,2026-01-15,174.45,3906800.0,174.45
ALAB,US,2026-01-16,182.0,5422800.0,182.0
ALAB,US,2026-01-20,183.75,5298300.0,183.75
ALAB,US,2026-01-21,176.005,6687300.0,176.005
ALAB,US,2026-01-22,176.35,4011400.0,176.35
ALAB,US,2026-01-23,169.66,6106400.0,169.66
ALAB,US,2026-01-26,163.25,4026900.0,163.25
ALAB,US,2026-01-27,170.93,3385300.0,170.93
ALAB,US,2026-01-28,167.9,3801200.0,167.9
ALAB,US,2026-01-29,160.46,4376600.0,160.46
ALAB,US,2026-01-30,150.62,4281200.0,150.62
ALAB,US,2026-02-02,152.44,3132600.0,152.44
ALAB,US,2026-02-03,158.52,5290000.0,158.52
ALAB,US,2026-02-04,144.67,5743600.0,144.67
ALAB,US,2026-02-05,142.82,4476900.0,142.82
ALAB,US,2026-02-06,169.85,7290600.0,169.85
ALAB,US,2026-02-09,187.67,7420600.0,187.67
ALAB,US,2026-02-10,182.86,8429900.0,182.86
ALAB,US,2026-02-11,143.71,16419400.0,143.71
ALAB,US,2026-02-12,126.58,11444100.0,126.58
ALAB,US,2026-02-13,129.32,7735800.0,129.32
ALAB,US,2026-02-17,123.69,7105700.0,123.69
ALAB,US,2026-02-18,129.58,4355200.0,129.58
ALAB,US,2026-02-19,132.62,2904600.0,132.62
ALAB,US,2026-02-20,129.68,3640700.0,129.68
ALAB,US,2026-02-23,128.24,3023600.0,128.24
ALAB,US,2026-02-24,128.4,2894000.0,128.4
ALAB,US,2026-02-25,128.15,5330300.0,128.15
ALAB,US,2026-02-26,124.67,3800700.0,124.67
ALAB,US,2026-02-27,118.83,5156500.0,118.83
ALAB,US,2026-03-02,120.55,4652100.0,120.55
ALAB,US,2026-03-03,109.8,5896200.0,109.8
ALAB,US,2026-03-04,113.77,5440100.0,113.77
ALAB,US,2026-03-05,120.0,6435300.0,120.0
ALAB,US,2026-03-06,119.2,4434000.0,119.2
ALAB,US,2026-03-09,122.31,5939900.0,122.31
ALAB,US,2026-03-10,116.48,4284900.0,116.48
ALAB,US,2026-03-11,124.71,5401700.0,124.71
ALAB,US,2026-03-12,119.9,3620700.0,119.9
ALAB,US,2026-03-13,120.31,3447100.0,120.31
ALAB,US,2026-03-16,127.48,4610400.0,127.48
ALAB,US,2026-03-17,127.57,5941300.0,127.57
ALAB,US,2026-03-18,126.34,3844900.0,126.34
ALAB,US,2026-03-19,126.16,4170300.0,126.16
ALAB,US,2026-03-20,116.04,8694500.0,116.04
ALAB,US,2026-03-23,123.87,4051700.0,123.87
ALAB,US,2026-03-24,121.76,2670200.0,121.76
ALAB,US,2026-03-25,120.33,2733300.0,120.33
ALAB,US,2026-03-26,113.605,3102200.0,113.605
ALAB,US,2026-03-27,112.47,2873800.0,112.47
ALAB,US,2026-03-30,100.27,5169600.0,100.27
ALAB,US,2026-03-31,109.6,5104500.0,109.6
ALAB,US,2026-04-01,106.33,4783100.0,106.33
ALAB,US,2026-04-02,117.14,4496100.0,117.14
ALAB,US,2026-04-06,117.99,2726300.0,117.99
ALAB,US,2026-04-07,118.99,4452300.0,118.99
ALAB,US,2026-04-08,125.46,4105900.0,125.46
ALAB,US,2026-04-09,129.46,3766900.0,129.46
ALAB,US,2026-04-10,149.05,10909500.0,149.05
ALAB,US,2026-04-13,166.795,10035200.0,166.795
ALAB,US,2026-04-14,170.6,7658900.0,170.6
ALAB,US,2026-04-15,172.09,5064600.0,172.09
ALAB,US,2026-04-16,170.81,4529200.0,170.81
ALAB,US,2026-04-17,174.05,5165900.0,174.05
ALAB,US,2026-04-20,175.8,4180500.0,175.8
ALAB,US,2026-04-21,191.97,10877800.0,191.97
ALAB,US,2026-04-22,194.06,6144200.0,194.06
ALAB,US,2026-04-23,197.54,5396500.0,197.54
ALAB,US,2026-04-24,212.84,6661900.0,212.84
ALAB,US,2026-04-27,196.64,5422500.0,196.64
ALAB,US,2026-04-28,183.31,4965300.0,183.31
ALAB,US,2026-04-29,196.85,4959700.0,196.85
ALAB,US,2026-04-30,194.74,5152000.0,194.74
ALAB,US,2026-05-01,202.68,4343600.0,202.68
ALAB,US,2026-05-04,201.25,4155500.0,201.25
ALAB,US,2026-05-05,215.69,8142500.0,215.69
ALAB,US,2026-05-06,213.91,8553000.0,213.91
ALAB,US,2026-05-07,195.65,6551400.0,195.65
ALAB,US,2026-05-08,199.79,4610100.0,199.79
ALAB,US,2026-05-11,207.35,5615400.0,207.35
ALAB,US,2026-05-12,204.42,5053800.0,204.42
ALAB,US,2026-05-13,224.09,6415600.0,224.09
ALAB,US,2026-05-14,228.64,4615000.0,228.64
ALAB,US,2026-05-15,232.68,5941800.0,232.68
ALAB,US,2026-05-18,215.58,6161300.0,215.58
ALAB,US,2026-05-19,244.26,9430500.0,244.26
ALAB,US,2026-05-20,287.48,10294600.0,287.48
ALAB,US,2026-05-21,297.84,7004300.0,297.84
ALAB,US,2026-05-22,306.88,6527300.0,306.88
ALAB,US,2026-05-26,318.72,8114900.0,318.72
ALAB,US,2026-05-27,325.33,5140900.0,325.33
ALAB,US,2026-05-28,349.17,5591800.0,349.17
ALAB,US,2026-05-29,342.85,5979200.0,342.85
ALAB,US,2026-06-01,320.09,5559100.0,320.09
ALAB,US,2026-06-02,355.76,5572700.0,355.76
ALAB,US,2026-06-03,363.54,5309500.0,363.54
ALAB,US,2026-06-04,358.05,3785300.0,358.05
ALAB,US,2026-06-05,317.06,7315000.0,317.06
ALAB,US,2026-06-08,346.33,5048500.0,346.33
ALAB,US,2026-06-09,341.7,7378100.0,341.7
ALAB,US,2026-06-10,330.86,5895300.0,330.86
ALAB,US,2026-06-11,367.47,5728900.0,367.47
ALAB,US,2026-06-12,367.15,5372900.0,367.15
ALAB,US,2026-06-15,389.2,5332800.0,389.2
ALAB,US,2026-06-16,361.71,5938600.0,361.71
ALAB,US,2026-06-17,374.68,5122000.0,374.68
ALAB,US,2026-06-18,417.07,22605900.0,417.07
ALAB,US,2026-06-22,439.66,5584000.0,439.66
ALAB,US,2026-06-23,397.02,6478300.0,397.02
ALAB,US,2026-06-24,399.92,4063500.0,399.92
ALAB,US,2026-06-25,398.0,4956700.0,398.0
ALAB,US,2026-06-26,391.74,6564800.0,391.74
ALAB,US,2026-06-29,455.96,6331400.0,455.96
ALAB,US,2026-06-30,483.02,6066600.0,483.02
GEV,US,2025-10-01,606.15,2423600.0,606.15
GEV,US,2025-10-02,606.23,2044600.0,606.23
GEV,US,2025-10-03,594.99,2668500.0,594.99
GEV,US,2025-10-06,603.22,1950800.0,603.22
GEV,US,2025-10-07,606.12,2161700.0,606.12
GEV,US,2025-10-08,625.45,2286500.0,625.45
GEV,US,2025-10-09,634.27,2414000.0,634.27
GEV,US,2025-10-10,604.56,3003600.0,604.56
GEV,US,2025-10-13,648.25,3406800.0,648.25
GEV,US,2025-10-14,644.41,2890500.0,644.41
GEV,US,2025-10-15,615.95,3246000.0,615.95
GEV,US,2025-10-16,602.0,3500600.0,602.0
GEV,US,2025-10-17,600.0,2747700.0,600.0
GEV,US,2025-10-20,594.07,2634400.0,594.07
GEV,US,2025-10-21,585.33,3956400.0,585.33
GEV,US,2025-10-22,576.0,10333100.0,576.0
GEV,US,2025-10-23,595.15,3952700.0,595.15
GEV,US,2025-10-24,584.39,3694200.0,584.39
GEV,US,2025-10-27,584.39,2842400.0,584.39
GEV,US,2025-10-28,570.98,3589300.0,570.98
GEV,US,2025-10-29,577.97,2808500.0,577.97
GEV,US,2025-10-30,574.07,2305100.0,574.07
GEV,US,2025-10-31,585.14,2789500.0,585.14
GEV,US,2025-11-03,581.26,1853200.0,581.26
GEV,US,2025-11-04,547.96,3994900.0,547.96
GEV,US,2025-11-05,559.7,2844700.0,559.7
GEV,US,2025-11-06,550.17,2215300.0,550.17
GEV,US,2025-11-07,575.13,2823800.0,575.13
GEV,US,2025-11-10,579.8,2555800.0,579.8
GEV,US,2025-11-11,576.08,1748500.0,576.08
GEV,US,2025-11-12,575.4,2026300.0,575.4
GEV,US,2025-11-13,558.17,5166900.0,558.17
GEV,US,2025-11-14,578.31,4037300.0,578.31
GEV,US,2025-11-17,577.02,2998000.0,577.02
GEV,US,2025-11-18,554.93,2986000.0,554.93
GEV,US,2025-11-19,595.37,4212100.0,595.37
GEV,US,2025-11-20,558.03,4874600.0,558.03
GEV,US,2025-11-21,555.84,4872800.0,555.84
GEV,US,2025-11-24,580.49,2748900.0,580.49
GEV,US,2025-11-25,572.56,2356500.0,572.56
GEV,US,2025-11-26,589.72,2223800.0,589.72
GEV,US,2025-11-28,599.77,1006600.0,599.77
GEV,US,2025-12-01,576.9,2302500.0,576.9
GEV,US,2025-12-02,601.58,2890800.0,601.58
GEV,US,2025-12-03,601.97,2754500.0,601.97
GEV,US,2025-12-04,629.11,3698500.0,629.11
GEV,US,2025-12-05,631.32,2348000.0,631.32
GEV,US,2025-12-08,621.9,2540100.0,621.9
GEV,US,2025-12-09,625.3,3017500.0,625.3
GEV,US,2025-12-10,723.0,11396400.0,723.0
GEV,US,2025-12-11,704.2,4830900.0,704.2
GEV,US,2025-12-12,671.71,5225700.0,671.71
GEV,US,2025-12-15,681.35,3529600.0,681.35
GEV,US,2025-12-16,686.22,3572200.0,686.22
GEV,US,2025-12-17,614.19,6770100.0,614.19
GEV,US,2025-12-18,639.43,4426500.0,639.43
GEV,US,2025-12-19,658.28,4489100.0,658.28
GEV,US,2025-12-22,661.81,2694300.0,661.81
GEV,US,2025-12-23,661.45,1997600.0,661.45
GEV,US,2025-12-24,667.32,1110900.0,667.32
GEV,US,2025-12-26,663.46,1155300.0,663.46
GEV,US,2025-12-29,663.46,2186100.0,663.46
GEV,US,2025-12-30,659.64,1207000.0,659.64
GEV,US,2025-12-31,653.57,1259900.0,653.57
GEV,US,2026-01-02,679.55,2741800.0,679.55
GEV,US,2026-01-05,680.86,2446600.0,680.86
GEV,US,2026-01-06,686.33,2490800.0,686.33
GEV,US,2026-01-07,662.32,2601100.0,662.32
GEV,US,2026-01-08,628.4,4310100.0,628.4
GEV,US,2026-01-09,622.5,3105800.0,622.5
GEV,US,2026-01-12,639.77,2828900.0,639.77
GEV,US,2026-01-13,652.09,2090200.0,652.09
GEV,US,2026-01-14,644.18,2396200.0,644.18
GEV,US,2026-01-15,642.23,2394900.0,642.23
GEV,US,2026-01-16,681.55,4986800.0,681.55
GEV,US,2026-01-20,684.86,3901900.0,684.86
GEV,US,2026-01-21,667.89,4022700.0,667.89
GEV,US,2026-01-22,661.67,2858800.0,661.67
GEV,US,2026-01-23,657.78,2009600.0,657.78
GEV,US,2026-01-26,665.99,2662100.0,665.99
GEV,US,2026-01-27,692.7,4714700.0,692.7
GEV,US,2026-01-28,711.59,5776300.0,711.59
GEV,US,2026-01-29,717.39,3491000.0,717.39
GEV,US,2026-01-30,726.37,3865700.0,726.37
GEV,US,2026-02-02,754.97,4074400.0,754.97
GEV,US,2026-02-03,780.25,3856200.0,780.25
GEV,US,2026-02-04,746.22,5058000.0,746.22
GEV,US,2026-02-05,737.53,3608600.0,737.53
GEV,US,2026-02-06,779.35,3283900.0,779.35
GEV,US,2026-02-09,801.54,3105800.0,801.54
GEV,US,2026-02-10,790.79,2458300.0,790.79
GEV,US,2026-02-11,823.67,2821000.0,823.67
GEV,US,2026-02-12,816.56,2677700.0,816.56
GEV,US,2026-02-13,802.13,2020900.0,802.13
GEV,US,2026-02-17,819.15,2221600.0,819.15
GEV,US,2026-02-18,817.55,1808900.0,817.55
GEV,US,2026-02-19,834.61,1655600.0,834.61
GEV,US,2026-02-20,830.34,1709100.0,830.34
GEV,US,2026-02-23,831.7,1438200.0,831.7
GEV,US,2026-02-24,879.73,2305300.0,879.73
GEV,US,2026-02-25,876.01,2293100.0,876.01
GEV,US,2026-02-26,876.46,2796700.0,876.46
GEV,US,2026-02-27,873.6,2456200.0,873.6
GEV,US,2026-03-02,881.18,2421400.0,881.18
GEV,US,2026-03-03,842.0,3558100.0,842.0
GEV,US,2026-03-04,841.27,1817500.0,841.27
GEV,US,2026-03-05,815.01,3203700.0,815.01
GEV,US,2026-03-06,789.23,2678600.0,789.23
GEV,US,2026-03-09,830.1,2878000.0,830.1
GEV,US,2026-03-10,839.2,2393600.0,839.2
GEV,US,2026-03-11,847.65,1706700.0,847.65
GEV,US,2026-03-12,832.11,2142900.0,832.11
GEV,US,2026-03-13,805.02,2271100.0,805.02
GEV,US,2026-03-16,827.37,2361400.0,827.37
GEV,US,2026-03-17,844.05,2259300.0,844.05
GEV,US,2026-03-18,858.47,2193100.0,858.47
GEV,US,2026-03-19,877.39,2509500.0,877.39
GEV,US,2026-03-20,851.07,4438100.0,851.07
GEV,US,2026-03-23,882.64,3353900.0,882.64
GEV,US,2026-03-24,909.41,2777700.0,909.41
GEV,US,2026-03-25,923.69,2864900.0,923.69
GEV,US,2026-03-26,873.12,3000700.0,873.12
GEV,US,2026-03-27,853.16,2494700.0,853.16
GEV,US,2026-03-30,817.35,2830800.0,817.35
GEV,US,2026-03-31,872.9,3469200.0,872.9
GEV,US,2026-04-01,894.78,2467700.0,894.78
GEV,US,2026-04-02,898.57,1944100.0,898.57
GEV,US,2026-04-06,897.36,1386300.0,897.36
GEV,US,2026-04-07,910.75,1399100.0,910.75
GEV,US,2026-04-08,936.07,2336900.0,936.07
GEV,US,2026-04-09,968.02,2061300.0,968.02
GEV,US,2026-04-10,991.32,2164600.0,991.32
GEV,US,2026-04-13,991.12,1636200.0,991.12
GEV,US,2026-04-14,987.5,2028300.0,987.5
GEV,US,2026-04-15,985.92,2306900.0,985.92
GEV,US,2026-04-16,978.32,1402700.0,978.32
GEV,US,2026-04-17,1002.75,2328800.0,1002.75
GEV,US,2026-04-20,990.18,1804900.0,990.18
GEV,US,2026-04-21,991.3,2111100.0,991.3
GEV,US,2026-04-22,1127.5601,4184700.0,1127.5601
GEV,US,2026-04-23,1149.53,3073200.0,1149.53
GEV,US,2026-04-24,1149.1899,3633800.0,1149.1899
GEV,US,2026-04-27,1120.23,3845800.0,1120.23
GEV,US,2026-04-28,1088.9301,4206000.0,1088.9301
GEV,US,2026-04-29,1063.11,3721100.0,1063.11
GEV,US,2026-04-30,1083.46,3533200.0,1083.46
GEV,US,2026-05-01,1062.95,1890400.0,1062.95
GEV,US,2026-05-04,1073.95,1923200.0,1073.95
GEV,US,2026-05-05,1095.21,2075600.0,1095.21
GEV,US,2026-05-06,1118.96,2282800.0,1118.96
GEV,US,2026-05-07,1045.63,2588300.0,1045.63
GEV,US,2026-05-08,1040.15,1828700.0,1040.15
GEV,US,2026-05-11,1073.08,2510000.0,1073.08
GEV,US,2026-05-12,1071.98,2102800.0,1071.98
GEV,US,2026-05-13,1062.5699,1588400.0,1062.5699
GEV,US,2026-05-14,1090.53,1690600.0,1090.53
GEV,US,2026-05-15,1049.23,2445800.0,1049.23
GEV,US,2026-05-18,1012.25,3116500.0,1012.25
GEV,US,2026-05-19,1011.8,2246700.0,1011.8
GEV,US,2026-05-20,1024.52,2564600.0,1024.52
GEV,US,2026-05-21,1043.8199,1633700.0,1043.8199
GEV,US,2026-05-22,1038.74,1472300.0,1038.74
GEV,US,2026-05-26,1070.47,1877300.0,1070.47
GEV,US,2026-05-27,1031.89,2264800.0,1031.89
GEV,US,2026-05-28,996.0,3007000.0,996.0
GEV,US,2026-05-29,968.32,5276800.0,968.32
GEV,US,2026-06-01,950.54,2679300.0,950.54
GEV,US,2026-06-02,969.67,2248200.0,969.67
GEV,US,2026-06-03,959.36,2079500.0,959.36
GEV,US,2026-06-04,963.33,2180400.0,963.33
GEV,US,2026-06-05,933.61,3053500.0,933.61
GEV,US,2026-06-08,933.85,1842200.0,933.85
GEV,US,2026-06-09,920.15,3842700.0,920.15
GEV,US,2026-06-10,867.09,5302800.0,867.09
GEV,US,2026-06-11,906.79,4261200.0,906.79
GEV,US,2026-06-12,940.66,2787700.0,940.66
GEV,US,2026-06-15,979.07,3428200.0,979.07
GEV,US,2026-06-16,982.35,2761100.0,982.35
GEV,US,2026-06-17,1048.86,3996000.0,1048.86
GEV,US,2026-06-18,1109.73,4344700.0,1109.73
GEV,US,2026-06-22,1127.59,3916300.0,1127.59
GEV,US,2026-06-23,1034.98,3919200.0,1034.98
GEV,US,2026-06-24,1057.65,2948100.0,1057.65
GEV,US,2026-06-25,1085.47,2750900.0,1085.47
GEV,US,2026-06-26,1045.17,3654200.0,1045.17
GEV,US,2026-06-29,1102.51,3180500.0,1102.51
GEV,US,2026-06-30,1174.86,3096200.0,1174.86
ETN,US,2025-10-01,373.84,1590400.0,373.84
ETN,US,2025-10-02,376.76,1777800.0,376.76
ETN,US,2025-10-03,373.46,1372100.0,373.46
ETN,US,2025-10-06,380.02,1852100.0,380.02
ETN,US,2025-10-07,370.94,2321600.0,370.94
ETN,US,2025-10-08,376.7,2168600.0,376.7
ETN,US,2025-10-09,377.19,1723200.0,377.19
ETN,US,2025-10-10,369.08,2164700.0,369.08
ETN,US,2025-10-13,375.37,2089900.0,375.37
ETN,US,2025-10-14,374.35,1669400.0,374.35
ETN,US,2025-10-15,381.72,1589200.0,381.72
ETN,US,2025-10-16,375.59,1597300.0,375.59
ETN,US,2025-10-17,373.3,1732900.0,373.3
ETN,US,2025-10-20,377.69,1331400.0,377.69
ETN,US,2025-10-21,373.46,2334700.0,373.46
ETN,US,2025-10-22,360.6,4029400.0,360.6
ETN,US,2025-10-23,372.4,1601600.0,372.4
ETN,US,2025-10-24,376.29,1650200.0,376.29
ETN,US,2025-10-27,379.74,1772200.0,379.74
ETN,US,2025-10-28,376.01,1551400.0,376.01
ETN,US,2025-10-29,387.75,2245000.0,387.75
ETN,US,2025-10-30,383.09,3112800.0,383.09
ETN,US,2025-10-31,381.56,2407300.0,381.56
ETN,US,2025-11-03,386.57,3254500.0,386.57
ETN,US,2025-11-04,377.72,7551400.0,377.72
ETN,US,2025-11-05,385.44,3075600.0,385.44
ETN,US,2025-11-06,377.4,2235800.0,377.4
ETN,US,2025-11-07,373.77,2604600.0,373.77
ETN,US,2025-11-10,379.57,1801700.0,379.57
ETN,US,2025-11-11,367.91,3103300.0,367.91
ETN,US,2025-11-12,369.4,1962100.0,369.4
ETN,US,2025-11-13,354.07,2762400.0,354.07
ETN,US,2025-11-14,352.39,3385200.0,352.39
ETN,US,2025-11-17,342.75,3019500.0,342.75
ETN,US,2025-11-18,338.29,3158100.0,338.29
ETN,US,2025-11-19,345.65,2650800.0,345.65
ETN,US,2025-11-20,328.19,4550600.0,328.19
ETN,US,2025-11-21,331.71,4397400.0,331.71
ETN,US,2025-11-24,330.43,3672800.0,330.43
ETN,US,2025-11-25,336.65,3968800.0,336.65
ETN,US,2025-11-26,341.69,2474500.0,341.69
ETN,US,2025-11-28,345.89,935100.0,345.89
ETN,US,2025-12-01,339.71,2248800.0,339.71
ETN,US,2025-12-02,333.11,3850000.0,333.11
ETN,US,2025-12-03,335.57,3079400.0,335.57
ETN,US,2025-12-04,338.93,2351500.0,338.93
ETN,US,2025-12-05,337.66,1845400.0,337.66
ETN,US,2025-12-08,343.39,3734100.0,343.39
ETN,US,2025-12-09,341.76,2149700.0,341.76
ETN,US,2025-12-10,353.45,2554100.0,353.45
ETN,US,2025-12-11,350.36,2405600.0,350.36
ETN,US,2025-12-12,331.98,3921900.0,331.98
ETN,US,2025-12-15,333.21,2569000.0,333.21
ETN,US,2025-12-16,329.93,2527100.0,329.93
ETN,US,2025-12-17,315.82,7694400.0,315.82
ETN,US,2025-12-18,315.95,3826600.0,315.95
ETN,US,2025-12-19,317.8,7357000.0,317.8
ETN,US,2025-12-22,320.39,2080400.0,320.39
ETN,US,2025-12-23,322.81,2196900.0,322.81
ETN,US,2025-12-24,323.67,766500.0,323.67
ETN,US,2025-12-26,322.17,1100800.0,322.17
ETN,US,2025-12-29,321.45,1948700.0,321.45
ETN,US,2025-12-30,320.86,1727000.0,320.86
ETN,US,2025-12-31,318.51,1553900.0,318.51
ETN,US,2026-01-02,327.31,2559600.0,327.31
ETN,US,2026-01-05,322.26,3381700.0,322.26
ETN,US,2026-01-06,332.97,3246600.0,332.97
ETN,US,2026-01-07,322.67,3166100.0,322.67
ETN,US,2026-01-08,320.58,4582300.0,320.58
ETN,US,2026-01-09,324.51,2690000.0,324.51
ETN,US,2026-01-12,329.1,2166600.0,329.1
ETN,US,2026-01-13,332.38,2524500.0,332.38
ETN,US,2026-01-14,331.14,2148000.0,331.14
ETN,US,2026-01-15,333.46,2127500.0,333.46
ETN,US,2026-01-16,343.75,3768500.0,343.75
ETN,US,2026-01-20,337.59,2869500.0,337.59
ETN,US,2026-01-21,337.96,3426200.0,337.96
ETN,US,2026-01-22,334.04,2549000.0,334.04
ETN,US,2026-01-23,331.22,2235400.0,331.22
ETN,US,2026-01-26,332.28,2812600.0,332.28
ETN,US,2026-01-27,341.19,2814700.0,341.19
ETN,US,2026-01-28,347.32,3072500.0,347.32
ETN,US,2026-01-29,354.37,4065400.0,354.37
ETN,US,2026-01-30,351.42,4260900.0,351.42
ETN,US,2026-02-02,359.44,3867500.0,359.44
ETN,US,2026-02-03,362.53,5853300.0,362.53
ETN,US,2026-02-04,365.0,5131600.0,365.0
ETN,US,2026-02-05,354.67,3303300.0,354.67
ETN,US,2026-02-06,373.82,3105600.0,373.82
ETN,US,2026-02-09,377.06,2809400.0,377.06
ETN,US,2026-02-10,377.47,1795300.0,377.47
ETN,US,2026-02-11,396.09,3826600.0,396.09
ETN,US,2026-02-12,390.33,4603600.0,390.33
ETN,US,2026-02-13,389.25,2253500.0,389.25
ETN,US,2026-02-17,391.49,2094500.0,391.49
ETN,US,2026-02-18,380.38,2740000.0,380.38
ETN,US,2026-02-19,377.32,2277400.0,377.32
ETN,US,2026-02-20,373.38,2600300.0,373.38
ETN,US,2026-02-23,362.05,2920800.0,362.05
ETN,US,2026-02-24,374.56,2387200.0,374.56
ETN,US,2026-02-25,373.53,2300100.0,373.53
ETN,US,2026-02-26,374.59,2231100.0,374.59
ETN,US,2026-02-27,375.92,2169000.0,375.92
ETN,US,2026-03-02,377.4,1828400.0,377.4
ETN,US,2026-03-03,355.56,2864200.0,355.56
ETN,US,2026-03-04,354.46,1793000.0,354.46
ETN,US,2026-03-05,354.79,3219700.0,354.79
ETN,US,2026-03-06,347.75,3795100.0,347.75
ETN,US,2026-03-09,353.87,3409100.0,353.87
ETN,US,2026-03-10,361.06,3646400.0,361.06
ETN,US,2026-03-11,355.79,2807300.0,355.79
ETN,US,2026-03-12,348.64,2429200.0,348.64
ETN,US,2026-03-13,355.4,3581800.0,355.4
ETN,US,2026-03-16,361.04,3493900.0,361.04
ETN,US,2026-03-17,363.95,1942300.0,363.95
ETN,US,2026-03-18,360.54,2240200.0,360.54
ETN,US,2026-03-19,360.23,2144800.0,360.23
ETN,US,2026-03-20,356.8,4219100.0,356.8
ETN,US,2026-03-23,359.74,2618100.0,359.74
ETN,US,2026-03-24,374.1,2666100.0,374.1
ETN,US,2026-03-25,375.0,2527400.0,375.0
ETN,US,2026-03-26,357.1,2036900.0,357.1
ETN,US,2026-03-27,357.36,2152100.0,357.36
ETN,US,2026-03-30,343.53,3239200.0,343.53
ETN,US,2026-03-31,357.67,2175100.0,357.67
ETN,US,2026-04-01,365.56,1980500.0,365.56
ETN,US,2026-04-02,361.1,1424600.0,361.1
ETN,US,2026-04-06,363.89,1360900.0,363.89
ETN,US,2026-04-07,368.85,2185300.0,368.85
ETN,US,2026-04-08,385.58,2255100.0,385.58
ETN,US,2026-04-09,400.44,2134100.0,400.44
ETN,US,2026-04-10,403.0,2218700.0,403.0
ETN,US,2026-04-13,403.36,1818700.0,403.36
ETN,US,2026-04-14,401.9,1825900.0,401.9
ETN,US,2026-04-15,395.06,2266900.0,395.06
ETN,US,2026-04-16,392.73,1815700.0,392.73
ETN,US,2026-04-17,406.21,2624700.0,406.21
ETN,US,2026-04-20,407.57,2416200.0,407.57
ETN,US,2026-04-21,409.7,2022300.0,409.7
ETN,US,2026-04-22,413.87,2683000.0,413.87
ETN,US,2026-04-23,424.5,2912100.0,424.5
ETN,US,2026-04-24,423.92,2490300.0,423.92
ETN,US,2026-04-27,416.77,2463900.0,416.77
ETN,US,2026-04-28,413.07,2483900.0,413.07
ETN,US,2026-04-29,410.77,1932500.0,410.77
ETN,US,2026-04-30,433.01,3251000.0,433.01
ETN,US,2026-05-01,425.55,2478400.0,425.55
ETN,US,2026-05-04,422.44,3298500.0,422.44
ETN,US,2026-05-05,410.86,6876500.0,410.86
ETN,US,2026-05-06,421.39,3289700.0,421.39
ETN,US,2026-05-07,399.15,3590000.0,399.15
ETN,US,2026-05-08,401.51,2386900.0,401.51
ETN,US,2026-05-11,419.0,3724700.0,419.0
ETN,US,2026-05-12,401.53,2953100.0,401.53
ETN,US,2026-05-13,406.94,2316800.0,406.94
ETN,US,2026-05-14,408.1,2011900.0,408.1
ETN,US,2026-05-15,399.44,3253300.0,399.44
ETN,US,2026-05-18,381.87,2862900.0,381.87
ETN,US,2026-05-19,371.88,2951900.0,371.88
ETN,US,2026-05-20,379.69,2684600.0,379.69
ETN,US,2026-05-21,381.51,1933700.0,381.51
ETN,US,2026-05-22,391.35,2353500.0,391.35
ETN,US,2026-05-26,403.13,2855200.0,403.13
ETN,US,2026-05-27,406.37,2846000.0,406.37
ETN,US,2026-05-28,401.94,2318400.0,401.94
ETN,US,2026-05-29,400.6,3321300.0,400.6
ETN,US,2026-06-01,400.08,2339300.0,400.08
ETN,US,2026-06-02,417.62,2074500.0,417.62
ETN,US,2026-06-03,421.21,2181800.0,421.21
ETN,US,2026-06-04,418.61,1859800.0,418.61
ETN,US,2026-06-05,395.94,2538000.0,395.94
ETN,US,2026-06-08,403.14,2100500.0,403.14
ETN,US,2026-06-09,401.72,2335800.0,401.72
ETN,US,2026-06-10,375.46,3555500.0,375.46
ETN,US,2026-06-11,393.64,2639800.0,393.64
ETN,US,2026-06-12,391.39,2175100.0,391.39
ETN,US,2026-06-15,407.06,2336700.0,407.06
ETN,US,2026-06-16,407.71,1788700.0,407.71
ETN,US,2026-06-17,409.64,2242500.0,409.64
ETN,US,2026-06-18,421.77,3715600.0,421.77
ETN,US,2026-06-22,435.78,2571500.0,435.78
ETN,US,2026-06-23,405.28,2459000.0,405.28
ETN,US,2026-06-24,404.59,2397000.0,404.59
ETN,US,2026-06-25,419.87,1896100.0,419.87
ETN,US,2026-06-26,402.68,5273200.0,402.68
ETN,US,2026-06-29,408.26,2201100.0,408.26
ETN,US,2026-06-30,426.12,2537600.0,426.12
APH,US,2025-10-01,124.66,7350000.0,124.66
APH,US,2025-10-02,123.58,6071500.0,123.58
APH,US,2025-10-03,122.22,6315600.0,122.22
APH,US,2025-10-06,123.4,6568600.0,123.4
APH,US,2025-10-07,124.53,7395500.0,124.53
APH,US,2025-10-08,125.79,6318300.0,125.79
APH,US,2025-10-09,126.25,3322800.0,126.25
APH,US,2025-10-10,121.7,5715100.0,121.7
APH,US,2025-10-13,123.91,6140000.0,123.91
APH,US,2025-10-14,122.64,5912200.0,122.64
APH,US,2025-10-15,125.6,10113500.0,125.6
APH,US,2025-10-16,127.36,6941900.0,127.36
APH,US,2025-10-17,125.65,5884300.0,125.65
APH,US,2025-10-20,127.67,5275300.0,127.67
APH,US,2025-10-21,124.44,7927200.0,124.44
APH,US,2025-10-22,128.93,22134700.0,128.93
APH,US,2025-10-23,135.31,11987100.0,135.31
APH,US,2025-10-24,133.82,9074000.0,133.82
APH,US,2025-10-27,135.91,8472300.0,135.91
APH,US,2025-10-28,137.29,6700200.0,137.29
APH,US,2025-10-29,139.75,8477100.0,139.75
APH,US,2025-10-30,139.11,7402800.0,139.11
APH,US,2025-10-31,139.34,6447600.0,139.34
APH,US,2025-11-03,141.55,9568700.0,141.55
APH,US,2025-11-04,136.7,10704600.0,136.7
APH,US,2025-11-05,138.87,8078900.0,138.87
APH,US,2025-11-06,138.11,7647400.0,138.11
APH,US,2025-11-07,139.09,8749500.0,139.09
APH,US,2025-11-10,143.85,7783100.0,143.85
APH,US,2025-11-11,143.47,6977300.0,143.47
APH,US,2025-11-12,141.92,6538600.0,141.92
APH,US,2025-11-13,135.25,10097700.0,135.25
APH,US,2025-11-14,133.74,9797600.0,133.74
APH,US,2025-11-17,132.33,6000900.0,132.33
APH,US,2025-11-18,132.44,8100300.0,132.44
APH,US,2025-11-19,136.66,8981300.0,136.66
APH,US,2025-11-20,130.36,10313300.0,130.36
APH,US,2025-11-21,131.6,8207300.0,131.6
APH,US,2025-11-24,137.88,13568400.0,137.88
APH,US,2025-11-25,137.81,7102900.0,137.81
APH,US,2025-11-26,138.72,6443400.0,138.72
APH,US,2025-11-28,140.9,3195100.0,140.9
APH,US,2025-12-01,139.22,7337900.0,139.22
APH,US,2025-12-02,141.49,8722900.0,141.49
APH,US,2025-12-03,138.65,10115400.0,138.65
APH,US,2025-12-04,139.46,8194500.0,139.46
APH,US,2025-12-05,139.36,7437500.0,139.36
APH,US,2025-12-08,140.06,3882800.0,140.06
APH,US,2025-12-09,138.58,5597300.0,138.58
APH,US,2025-12-10,138.68,6758800.0,138.68
APH,US,2025-12-11,139.09,7248000.0,139.09
APH,US,2025-12-12,129.24,13261000.0,129.24
APH,US,2025-12-15,129.9,8042400.0,129.9
APH,US,2025-12-16,129.13,7901700.0,129.13
APH,US,2025-12-17,126.51,12047300.0,126.51
APH,US,2025-12-18,129.61,8009200.0,129.61
APH,US,2025-12-19,135.29,17537500.0,135.29
APH,US,2025-12-22,135.14,5349000.0,135.14
APH,US,2025-12-23,137.12,4807000.0,137.12
APH,US,2025-12-24,137.94,2162400.0,137.94
APH,US,2025-12-26,137.43,2667800.0,137.43
APH,US,2025-12-29,136.9,4376800.0,136.9
APH,US,2025-12-30,136.2,3551700.0,136.2
APH,US,2025-12-31,135.14,3303200.0,135.14
APH,US,2026-01-02,139.71,7178600.0,139.71
APH,US,2026-01-05,139.88,10179300.0,139.88
APH,US,2026-01-06,141.38,12854600.0,141.38
APH,US,2026-01-07,138.91,8294900.0,138.91
APH,US,2026-01-08,136.25,6971100.0,136.25
APH,US,2026-01-09,140.16,5192100.0,140.16
APH,US,2026-01-12,145.11,10134300.0,145.11
APH,US,2026-01-13,148.97,8061500.0,148.97
APH,US,2026-01-14,146.75,9420500.0,146.75
APH,US,2026-01-15,154.22,10078900.0,154.22
APH,US,2026-01-16,154.39,9602100.0,154.39
APH,US,2026-01-20,152.33,10669200.0,152.33
APH,US,2026-01-21,154.6,8664700.0,154.6
APH,US,2026-01-22,152.5,7799600.0,152.5
APH,US,2026-01-23,150.99,7333300.0,150.99
APH,US,2026-01-26,155.56,10563900.0,155.56
APH,US,2026-01-27,166.25,18312500.0,166.25
APH,US,2026-01-28,145.96,37790600.0,145.96
APH,US,2026-01-29,149.58,16929400.0,149.58
APH,US,2026-01-30,144.08,12333700.0,144.08
APH,US,2026-02-02,144.93,9951100.0,144.93
APH,US,2026-02-03,147.06,10358500.0,147.06
APH,US,2026-02-04,130.0,21254200.0,130.0
APH,US,2026-02-05,127.63,19602600.0,127.63
APH,US,2026-02-06,136.23,11531500.0,136.23
APH,US,2026-02-09,144.2,9321200.0,144.2
APH,US,2026-02-10,144.14,10687600.0,144.14
APH,US,2026-02-11,144.04,8910800.0,144.04
APH,US,2026-02-12,143.73,11352600.0,143.73
APH,US,2026-02-13,146.72,9378800.0,146.72
APH,US,2026-02-17,148.57,6844800.0,148.57
APH,US,2026-02-18,147.73,7485200.0,147.73
APH,US,2026-02-19,151.2,5230800.0,151.2
APH,US,2026-02-20,151.04,7467400.0,151.04
APH,US,2026-02-23,147.82,6070400.0,147.82
APH,US,2026-02-24,151.5,8000400.0,151.5
APH,US,2026-02-25,152.64,5653500.0,152.64
APH,US,2026-02-26,148.47,7755500.0,148.47
APH,US,2026-02-27,146.06,9827500.0,146.06
APH,US,2026-03-02,135.16,14746800.0,135.16
APH,US,2026-03-03,129.58,15242100.0,129.58
APH,US,2026-03-04,132.75,11544600.0,132.75
APH,US,2026-03-05,136.24,13918200.0,136.24
APH,US,2026-03-06,131.87,7975600.0,131.87
APH,US,2026-03-09,136.06,8755100.0,136.06
APH,US,2026-03-10,136.74,7156300.0,136.74
APH,US,2026-03-11,134.54,6626100.0,134.54
APH,US,2026-03-12,131.47,8937400.0,131.47
APH,US,2026-03-13,133.92,7246900.0,133.92
APH,US,2026-03-16,136.8,10492800.0,136.8
APH,US,2026-03-17,135.12,13196400.0,135.12
APH,US,2026-03-18,127.81,12619000.0,127.81
APH,US,2026-03-19,130.65,7153800.0,130.65
APH,US,2026-03-20,126.74,14276100.0,126.74
APH,US,2026-03-23,130.67,7714500.0,130.67
APH,US,2026-03-24,127.96,9732300.0,127.96
APH,US,2026-03-25,128.73,11719600.0,128.73
APH,US,2026-03-26,123.13,9646200.0,123.13
APH,US,2026-03-27,123.62,7805800.0,123.62
APH,US,2026-03-30,119.15,8171700.0,119.15
APH,US,2026-03-31,126.35,10075700.0,126.35
APH,US,2026-04-01,127.7,7359900.0,127.7
APH,US,2026-04-02,128.0,5587600.0,128.0
APH,US,2026-04-06,126.49,4605600.0,126.49
APH,US,2026-04-07,128.38,4462100.0,128.38
APH,US,2026-04-08,135.32,7055700.0,135.32
APH,US,2026-04-09,137.68,6807600.0,137.68
APH,US,2026-04-10,140.75,9737500.0,140.75
APH,US,2026-04-13,145.27,7635000.0,145.27
APH,US,2026-04-14,148.72,8364400.0,148.72
APH,US,2026-04-15,146.98,7313600.0,146.98
APH,US,2026-04-16,148.96,6460100.0,148.96
APH,US,2026-04-17,151.06,6784600.0,151.06
APH,US,2026-04-20,152.81,6102500.0,152.81
APH,US,2026-04-21,151.93,7371700.0,151.93
APH,US,2026-04-22,148.13,9364500.0,148.13
APH,US,2026-04-23,150.18,6733600.0,150.18
APH,US,2026-04-24,149.71,4662000.0,149.71
APH,US,2026-04-27,148.64,6348000.0,148.64
APH,US,2026-04-28,143.72,9871600.0,143.72
APH,US,2026-04-29,148.38,14324300.0,148.38
APH,US,2026-04-30,147.27,9314000.0,147.27
APH,US,2026-05-01,142.3,5773900.0,142.3
APH,US,2026-05-04,141.03,7194200.0,141.03
APH,US,2026-05-05,136.69,11698800.0,136.69
APH,US,2026-05-06,138.47,10534400.0,138.47
APH,US,2026-05-07,136.62,9002700.0,136.62
APH,US,2026-05-08,128.03,18191000.0,128.03
APH,US,2026-05-11,122.47,24755900.0,122.47
APH,US,2026-05-12,127.87,15959400.0,127.87
APH,US,2026-05-13,124.64,11311100.0,124.64
APH,US,2026-05-14,129.19,10849000.0,129.19
APH,US,2026-05-15,125.0,10352500.0,125.0
APH,US,2026-05-18,121.72,9889300.0,121.72
APH,US,2026-05-19,119.2,10761900.0,119.2
APH,US,2026-05-20,123.05,9564100.0,123.05
APH,US,2026-05-21,124.86,8587100.0,124.86
APH,US,2026-05-22,132.06,17730600.0,132.06
APH,US,2026-05-26,139.56,16589900.0,139.56
APH,US,2026-05-27,140.24,10072400.0,140.24
APH,US,2026-05-28,147.68,13791300.0,147.68
APH,US,2026-05-29,148.76,13697400.0,148.76
APH,US,2026-06-01,146.34,8718000.0,146.34
APH,US,2026-06-02,148.4,11441800.0,148.4
APH,US,2026-06-03,147.62,8580200.0,147.62
APH,US,2026-06-04,146.77,5619400.0,146.77
APH,US,2026-06-05,138.81,7168100.0,138.81
APH,US,2026-06-08,143.6,7506500.0,143.6
APH,US,2026-06-09,154.07,15432100.0,154.07
APH,US,2026-06-10,149.22,12069600.0,149.22
APH,US,2026-06-11,152.46,11909600.0,152.46
APH,US,2026-06-12,153.8,9393000.0,153.8
APH,US,2026-06-15,158.59,9036400.0,158.59
APH,US,2026-06-16,158.81,8223000.0,158.81
APH,US,2026-06-17,161.11,8712900.0,161.11
APH,US,2026-06-18,163.96,12819400.0,163.96
APH,US,2026-06-22,165.96,8584800.0,165.96
APH,US,2026-06-23,158.7,10010600.0,158.7
APH,US,2026-06-24,162.78,8665500.0,162.78
APH,US,2026-06-25,165.15,8483500.0,165.15
APH,US,2026-06-26,163.72,11861100.0,163.72
APH,US,2026-06-29,166.42,6196600.0,166.42
APH,US,2026-06-30,176.32,14418700.0,176.32
SPCX,US,2026-06-12,160.95,519234800.0,160.95
SPCX,US,2026-06-15,192.5,256226600.0,192.5
SPCX,US,2026-06-16,211.39,195401600.0,211.39
SPCX,US,2026-06-17,191.82,201719500.0,191.82
SPCX,US,2026-06-18,185.0,272126800.0,185.0
SPCX,US,2026-06-22,154.6,169183800.0,154.6
SPCX,US,2026-06-23,156.11,155848100.0,156.11
SPCX,US,2026-06-24,154.54,76101500.0,154.54
SPCX,US,2026-06-25,153.0,62212400.0,153.0
SPCX,US,2026-06-26,153.23,126932900.0,153.23
SPCX,US,2026-06-29,164.19,81443100.0,164.19
SPCX,US,2026-06-30,170.86,82047500.0,170.86
KTOS,US,2025-10-01,92.96,3855300.0,92.96
KTOS,US,2025-10-02,95.03,2952200.0,95.03
KTOS,US,2025-10-03,96.19,3408300.0,96.19
KTOS,US,2025-10-06,100.25,5021900.0,100.25
KTOS,US,2025-10-07,103.69,5802000.0,103.69
KTOS,US,2025-10-08,105.67,4069900.0,105.67
KTOS,US,2025-10-09,98.55,8103000.0,98.55
KTOS,US,2025-10-10,94.63,7345900.0,94.63
KTOS,US,2025-10-13,96.28,4260600.0,96.28
KTOS,US,2025-10-14,95.3,3902400.0,95.3
KTOS,US,2025-10-15,90.58,5149500.0,90.58
KTOS,US,2025-10-16,88.62,4160300.0,88.62
KTOS,US,2025-10-17,83.12,6302600.0,83.12
KTOS,US,2025-10-20,86.65,3527600.0,86.65
KTOS,US,2025-10-21,90.62,3716200.0,90.62
KTOS,US,2025-10-22,84.3,4516500.0,84.3
KTOS,US,2025-10-23,89.32,2469600.0,89.32
KTOS,US,2025-10-24,91.18,2745300.0,91.18
KTOS,US,2025-10-27,90.68,2769900.0,90.68
KTOS,US,2025-10-28,89.78,1808800.0,89.78
KTOS,US,2025-10-29,91.21,2747700.0,91.21
KTOS,US,2025-10-30,88.3,1757600.0,88.3
KTOS,US,2025-10-31,90.6,2325100.0,90.6
KTOS,US,2025-11-03,91.1,2492900.0,91.1
KTOS,US,2025-11-04,90.22,3416100.0,90.22
KTOS,US,2025-11-05,77.41,9160200.0,77.41
KTOS,US,2025-11-06,72.41,7002400.0,72.41
KTOS,US,2025-11-07,77.88,5152200.0,77.88
KTOS,US,2025-11-10,79.18,3793100.0,79.18
KTOS,US,2025-11-11,76.59,2194700.0,76.59
KTOS,US,2025-11-12,76.7,2005400.0,76.7
KTOS,US,2025-11-13,71.69,2924600.0,71.69
KTOS,US,2025-11-14,72.45,2458500.0,72.45
KTOS,US,2025-11-17,70.24,2219600.0,70.24
KTOS,US,2025-11-18,70.36,2644800.0,70.36
KTOS,US,2025-11-19,70.67,2079300.0,70.67
KTOS,US,2025-11-20,67.31,2425600.0,67.31
KTOS,US,2025-11-21,69.14,3220200.0,69.14
KTOS,US,2025-11-24,74.11,2552500.0,74.11
KTOS,US,2025-11-25,75.05,2086900.0,75.05
KTOS,US,2025-11-26,75.77,1757200.0,75.77
KTOS,US,2025-11-28,76.1,891100.0,76.1
KTOS,US,2025-12-01,73.21,2436000.0,73.21
KTOS,US,2025-12-02,70.96,2143200.0,70.96
KTOS,US,2025-12-03,72.78,2292300.0,72.78
KTOS,US,2025-12-04,77.68,2495400.0,77.68
KTOS,US,2025-12-05,76.5,1545100.0,76.5
KTOS,US,2025-12-08,77.03,1527400.0,77.03
KTOS,US,2025-12-09,77.03,2041500.0,77.03
KTOS,US,2025-12-10,76.91,2437200.0,76.91
KTOS,US,2025-12-11,78.78,1646500.0,78.78
KTOS,US,2025-12-12,75.96,1919300.0,75.96
KTOS,US,2025-12-15,74.26,1748400.0,74.26
KTOS,US,2025-12-16,73.13,1888600.0,73.13
KTOS,US,2025-12-17,69.77,2265800.0,69.77
KTOS,US,2025-12-18,71.4,1496100.0,71.4
KTOS,US,2025-12-19,75.39,4166800.0,75.39
KTOS,US,2025-12-22,81.53,3292700.0,81.53
KTOS,US,2025-12-23,82.3,2250700.0,82.3
KTOS,US,2025-12-24,79.97,1190200.0,79.97
KTOS,US,2025-12-26,77.7,1619500.0,77.7
KTOS,US,2025-12-29,77.47,1326400.0,77.47
KTOS,US,2025-12-30,75.98,1276800.0,75.98
KTOS,US,2025-12-31,75.91,2331000.0,75.91
KTOS,US,2026-01-02,79.29,2169600.0,79.29
KTOS,US,2026-01-05,89.93,4446500.0,89.93
KTOS,US,2026-01-06,91.93,2910600.0,91.93
KTOS,US,2026-01-07,91.44,3654900.0,91.44
KTOS,US,2026-01-08,104.04,9609300.0,104.04
KTOS,US,2026-01-09,113.7,6077500.0,113.7
KTOS,US,2026-01-12,117.86,5041400.0,117.86
KTOS,US,2026-01-13,119.72,4116100.0,119.72
KTOS,US,2026-01-14,121.5,4411000.0,121.5
KTOS,US,2026-01-15,124.56,3611200.0,124.56
KTOS,US,2026-01-16,130.72,4894300.0,130.72
KTOS,US,2026-01-20,128.68,4618000.0,128.68
KTOS,US,2026-01-21,120.59,6652000.0,120.59
KTOS,US,2026-01-22,113.85,5386400.0,113.85
KTOS,US,2026-01-23,110.39,4004600.0,110.39
KTOS,US,2026-01-26,111.32,2975000.0,111.32
KTOS,US,2026-01-27,118.06,3101000.0,118.06
KTOS,US,2026-01-28,112.67,3758900.0,112.67
KTOS,US,2026-01-29,108.16,3343100.0,108.16
KTOS,US,2026-01-30,103.01,3649600.0,103.01
KTOS,US,2026-02-02,96.16,3802900.0,96.16
KTOS,US,2026-02-03,103.37,3330100.0,103.37
KTOS,US,2026-02-04,91.33,4629800.0,91.33
KTOS,US,2026-02-05,85.25,3546000.0,85.25
KTOS,US,2026-02-06,94.41,4227000.0,94.41
KTOS,US,2026-02-09,98.81,2970600.0,98.81
KTOS,US,2026-02-10,93.48,2013000.0,93.48
KTOS,US,2026-02-11,87.78,2990100.0,87.78
KTOS,US,2026-02-12,87.05,2276600.0,87.05
KTOS,US,2026-02-13,89.06,1769100.0,89.06
KTOS,US,2026-02-17,91.97,2405800.0,91.97
KTOS,US,2026-02-18,97.21,3657600.0,97.21
KTOS,US,2026-02-19,105.67,5176800.0,105.67
KTOS,US,2026-02-20,96.08,4631600.0,96.08
KTOS,US,2026-02-23,94.31,3365100.0,94.31
KTOS,US,2026-02-24,90.68,6008700.0,90.68
KTOS,US,2026-02-25,88.23,2349900.0,88.23
KTOS,US,2026-02-26,92.14,2605000.0,92.14
KTOS,US,2026-02-27,86.18,13317900.0,86.18
KTOS,US,2026-03-02,90.72,18913800.0,90.72
KTOS,US,2026-03-03,88.95,8315500.0,88.95
KTOS,US,2026-03-04,89.13,3335600.0,89.13
KTOS,US,2026-03-05,85.54,4592800.0,85.54
KTOS,US,2026-03-06,87.0,5385600.0,87.0
KTOS,US,2026-03-09,92.47,5256000.0,92.47
KTOS,US,2026-03-10,88.96,3299800.0,88.96
KTOS,US,2026-03-11,88.92,1946900.0,88.92
KTOS,US,2026-03-12,89.46,3941100.0,89.46
KTOS,US,2026-03-13,87.53,2754000.0,87.53
KTOS,US,2026-03-16,89.53,2424500.0,89.53
KTOS,US,2026-03-17,95.31,3273700.0,95.31
KTOS,US,2026-03-18,93.04,2846900.0,93.04
KTOS,US,2026-03-19,92.78,2404900.0,92.78
KTOS,US,2026-03-20,84.62,6896800.0,84.62
KTOS,US,2026-03-23,83.69,3198200.0,83.69
KTOS,US,2026-03-24,77.49,4535600.0,77.49
KTOS,US,2026-03-25,79.98,3950000.0,79.98
KTOS,US,2026-03-26,75.86,3024100.0,75.86
KTOS,US,2026-03-27,71.94,3186000.0,71.94
KTOS,US,2026-03-30,65.28,5501500.0,65.28
KTOS,US,2026-03-31,70.51,6105300.0,70.51
KTOS,US,2026-04-01,67.7,4421500.0,67.7
KTOS,US,2026-04-02,67.31,4392500.0,67.31
KTOS,US,2026-04-06,74.09,4140200.0,74.09
KTOS,US,2026-04-07,71.96,2886000.0,71.96
KTOS,US,2026-04-08,74.46,3692400.0,74.46
KTOS,US,2026-04-09,68.33,3788400.0,68.33
KTOS,US,2026-04-10,70.34,2887200.0,70.34
KTOS,US,2026-04-13,73.55,2564100.0,73.55
KTOS,US,2026-04-14,73.66,2586300.0,73.66
KTOS,US,2026-04-15,74.66,3502100.0,74.66
KTOS,US,2026-04-16,74.41,2421100.0,74.41
KTOS,US,2026-04-17,70.99,7158400.0,70.99
KTOS,US,2026-04-20,69.83,4159000.0,69.83
KTOS,US,2026-04-21,68.55,4180600.0,68.55
KTOS,US,2026-04-22,68.61,3093400.0,68.61
KTOS,US,2026-04-23,65.52,3904600.0,65.52
KTOS,US,2026-04-24,61.26,5132900.0,61.26
KTOS,US,2026-04-27,63.16,3978500.0,63.16
KTOS,US,2026-04-28,61.66,3274700.0,61.66
KTOS,US,2026-04-29,59.56,3073900.0,59.56
KTOS,US,2026-04-30,63.05,3154800.0,63.05
KTOS,US,2026-05-01,62.05,2579800.0,62.05
KTOS,US,2026-05-04,61.93,3116200.0,61.93
KTOS,US,2026-05-05,59.31,4267900.0,59.31
KTOS,US,2026-05-06,61.52,4402500.0,61.52
KTOS,US,2026-05-07,57.0,5909400.0,57.0
KTOS,US,2026-05-08,57.89,4323600.0,57.89
KTOS,US,2026-05-11,56.99,6062800.0,56.99
KTOS,US,2026-05-12,57.33,5095800.0,57.33
KTOS,US,2026-05-13,52.49,9471900.0,52.49
KTOS,US,2026-05-14,54.85,5498100.0,54.85
KTOS,US,2026-05-15,52.09,4048700.0,52.09
KTOS,US,2026-05-18,54.22,3734700.0,54.22
KTOS,US,2026-05-19,53.47,2749700.0,53.47
KTOS,US,2026-05-20,55.82,3929400.0,55.82
KTOS,US,2026-05-21,54.67,2815000.0,54.67
KTOS,US,2026-05-22,56.18,2949100.0,56.18
KTOS,US,2026-05-26,56.8,4809100.0,56.8
KTOS,US,2026-05-27,57.3,3232800.0,57.3
KTOS,US,2026-05-28,65.19,11464700.0,65.19
KTOS,US,2026-05-29,64.13,10066300.0,64.13
KTOS,US,2026-06-01,63.49,6337700.0,63.49
KTOS,US,2026-06-02,63.27,3585300.0,63.27
KTOS,US,2026-06-03,58.43,5122400.0,58.43
KTOS,US,2026-06-04,63.4,4224800.0,63.4
KTOS,US,2026-06-05,58.52,3512200.0,58.52
KTOS,US,2026-06-08,57.73,3191100.0,57.73
KTOS,US,2026-06-09,56.19,3479200.0,56.19
KTOS,US,2026-06-10,54.82,2749300.0,54.82
KTOS,US,2026-06-11,58.78,3965800.0,58.78
KTOS,US,2026-06-12,57.75,4625800.0,57.75
KTOS,US,2026-06-15,57.02,4014700.0,57.02
KTOS,US,2026-06-16,56.34,3132700.0,56.34
KTOS,US,2026-06-17,56.16,3124900.0,56.16
KTOS,US,2026-06-18,54.21,6964900.0,54.21
KTOS,US,2026-06-22,51.09,4661800.0,51.09
KTOS,US,2026-06-23,50.8,3683300.0,50.8
KTOS,US,2026-06-24,47.95,3560300.0,47.95
KTOS,US,2026-06-25,46.32,5279100.0,46.32
KTOS,US,2026-06-26,47.21,28199200.0,47.21
KTOS,US,2026-06-29,46.95,5764000.0,46.95
KTOS,US,2026-06-30,49.86,5655300.0,49.86
ATI,US,2025-10-01,83.01,1143000.0,83.01
ATI,US,2025-10-02,82.52,1117700.0,82.52
ATI,US,2025-10-03,81.28,1121800.0,81.28
ATI,US,2025-10-06,83.67,1780400.0,83.67
ATI,US,2025-10-07,83.51,1207700.0,83.51
ATI,US,2025-10-08,83.93,795800.0,83.93
ATI,US,2025-10-09,82.28,734600.0,82.28
ATI,US,2025-10-10,80.04,1049100.0,80.04
ATI,US,2025-10-13,82.98,1048500.0,82.98
ATI,US,2025-10-14,84.78,1138900.0,84.78
ATI,US,2025-10-15,83.32,1515100.0,83.32
ATI,US,2025-10-16,81.22,1098700.0,81.22
ATI,US,2025-10-17,80.33,1347000.0,80.33
ATI,US,2025-10-20,81.41,927400.0,81.41
ATI,US,2025-10-21,84.32,1525800.0,84.32
ATI,US,2025-10-22,82.16,1194300.0,82.16
ATI,US,2025-10-23,89.55,2890400.0,89.55
ATI,US,2025-10-24,89.25,1666900.0,89.25
ATI,US,2025-10-27,91.71,2362800.0,91.71
ATI,US,2025-10-28,98.53,3802700.0,98.53
ATI,US,2025-10-29,103.0,2414400.0,103.0
ATI,US,2025-10-30,101.18,2261000.0,101.18
ATI,US,2025-10-31,98.97,1880400.0,98.97
ATI,US,2025-11-03,98.61,1530600.0,98.61
ATI,US,2025-11-04,96.02,1211300.0,96.02
ATI,US,2025-11-05,96.49,1171200.0,96.49
ATI,US,2025-11-06,96.21,1198300.0,96.21
ATI,US,2025-11-07,97.65,1216900.0,97.65
ATI,US,2025-11-10,98.1,948200.0,98.1
ATI,US,2025-11-11,97.91,863200.0,97.91
ATI,US,2025-11-12,99.08,1312400.0,99.08
ATI,US,2025-11-13,98.56,1085100.0,98.56
ATI,US,2025-11-14,99.37,1170300.0,99.37
ATI,US,2025-11-17,98.75,1366500.0,98.75
ATI,US,2025-11-18,98.18,1068100.0,98.18
ATI,US,2025-11-19,98.12,1456000.0,98.12
ATI,US,2025-11-20,94.8,1347300.0,94.8
ATI,US,2025-11-21,96.47,1264000.0,96.47
ATI,US,2025-11-24,97.63,1150700.0,97.63
ATI,US,2025-11-25,99.29,1373400.0,99.29
ATI,US,2025-11-26,100.3,1425200.0,100.3
ATI,US,2025-11-28,100.8,402300.0,100.8
ATI,US,2025-12-01,99.14,1112400.0,99.14
ATI,US,2025-12-02,98.66,602400.0,98.66
ATI,US,2025-12-03,98.37,1248100.0,98.37
ATI,US,2025-12-04,100.4,1141700.0,100.4
ATI,US,2025-12-05,100.41,906500.0,100.41
ATI,US,2025-12-08,99.64,1925900.0,99.64
ATI,US,2025-12-09,99.42,1756600.0,99.42
ATI,US,2025-12-10,104.73,3188500.0,104.73
ATI,US,2025-12-11,110.65,3033600.0,110.65
ATI,US,2025-12-12,108.96,1834200.0,108.96
ATI,US,2025-12-15,108.72,1696600.0,108.72
ATI,US,2025-12-16,108.66,1416800.0,108.66
ATI,US,2025-12-17,107.89,1155500.0,107.89
ATI,US,2025-12-18,109.76,1335700.0,109.76
ATI,US,2025-12-19,113.28,3276800.0,113.28
ATI,US,2025-12-22,115.76,1751500.0,115.76
ATI,US,2025-12-23,116.21,822600.0,116.21
ATI,US,2025-12-24,116.64,455300.0,116.64
ATI,US,2025-12-26,116.95,479600.0,116.95
ATI,US,2025-12-29,116.63,580900.0,116.63
ATI,US,2025-12-30,116.17,735700.0,116.17
ATI,US,2025-12-31,114.76,969100.0,114.76
ATI,US,2026-01-02,119.2,843000.0,119.2
ATI,US,2026-01-05,119.9,1343300.0,119.9
ATI,US,2026-01-06,120.86,2053700.0,120.86
ATI,US,2026-01-07,120.84,1328200.0,120.84
ATI,US,2026-01-08,118.59,1914800.0,118.59
ATI,US,2026-01-09,122.3,1103500.0,122.3
ATI,US,2026-01-12,123.46,1232200.0,123.46
ATI,US,2026-01-13,124.42,1176800.0,124.42
ATI,US,2026-01-14,123.24,1549500.0,123.24
ATI,US,2026-01-15,125.39,1336500.0,125.39
ATI,US,2026-01-16,124.35,1163500.0,124.35
ATI,US,2026-01-20,123.28,1662200.0,123.28
ATI,US,2026-01-21,124.67,1399100.0,124.67
ATI,US,2026-01-22,123.11,1061600.0,123.11
ATI,US,2026-01-23,123.55,1428600.0,123.55
ATI,US,2026-01-26,123.36,1195600.0,123.36
ATI,US,2026-01-27,124.15,886200.0,124.15
ATI,US,2026-01-28,121.72,1959000.0,121.72
ATI,US,2026-01-29,121.72,2713600.0,121.72
ATI,US,2026-01-30,120.3,1955200.0,120.3
ATI,US,2026-02-02,121.77,2543300.0,121.77
ATI,US,2026-02-03,128.34,5326100.0,128.34
ATI,US,2026-02-04,127.5,4149000.0,127.5
ATI,US,2026-02-05,128.67,2853900.0,128.67
ATI,US,2026-02-06,133.57,2442700.0,133.57
ATI,US,2026-02-09,135.66,1697000.0,135.66
ATI,US,2026-02-10,137.04,1969600.0,137.04
ATI,US,2026-02-11,138.72,1870900.0,138.72
ATI,US,2026-02-12,139.81,2482500.0,139.81
ATI,US,2026-02-13,143.93,2251700.0,143.93
ATI,US,2026-02-17,146.75,2010800.0,146.75
ATI,US,2026-02-18,148.57,1909500.0,148.57
ATI,US,2026-02-19,152.84,2563200.0,152.84
ATI,US,2026-02-20,158.87,3259800.0,158.87
ATI,US,2026-02-23,159.27,2618900.0,159.27
ATI,US,2026-02-24,161.04,2792500.0,161.04
ATI,US,2026-02-25,160.02,2575600.0,160.02
ATI,US,2026-02-26,163.55,1750600.0,163.55
ATI,US,2026-02-27,163.59,2107400.0,163.59
ATI,US,2026-03-02,166.42,2090100.0,166.42
ATI,US,2026-03-03,156.96,3011500.0,156.96
ATI,US,2026-03-04,161.82,1663000.0,161.82
ATI,US,2026-03-05,154.18,2391300.0,154.18
ATI,US,2026-03-06,150.09,3059300.0,150.09
ATI,US,2026-03-09,156.7,2520300.0,156.7
ATI,US,2026-03-10,158.97,1876100.0,158.97
ATI,US,2026-03-11,157.47,872900.0,157.47
ATI,US,2026-03-12,146.1,3360900.0,146.1
ATI,US,2026-03-13,141.97,2033900.0,141.97
ATI,US,2026-03-16,147.48,1652700.0,147.48
ATI,US,2026-03-17,148.83,1697700.0,148.83
ATI,US,2026-03-18,149.64,1266100.0,149.64
ATI,US,2026-03-19,147.54,1705600.0,147.54
ATI,US,2026-03-20,141.8,3402200.0,141.8
ATI,US,2026-03-23,146.38,1645800.0,146.38
ATI,US,2026-03-24,149.59,2957300.0,149.59
ATI,US,2026-03-25,149.0,2240100.0,149.0
ATI,US,2026-03-26,143.94,1840200.0,143.94
ATI,US,2026-03-27,140.43,1499800.0,140.43
ATI,US,2026-03-30,135.5,2015100.0,135.5
ATI,US,2026-03-31,145.46,2756400.0,145.46
ATI,US,2026-04-01,151.25,3420300.0,151.25
ATI,US,2026-04-02,146.63,2211900.0,146.63
ATI,US,2026-04-06,147.96,977500.0,147.96
ATI,US,2026-04-07,147.28,1067000.0,147.28
ATI,US,2026-04-08,156.39,2657600.0,156.39
ATI,US,2026-04-09,159.63,1879800.0,159.63
ATI,US,2026-04-10,162.21,1270900.0,162.21
ATI,US,2026-04-13,163.78,968600.0,163.78
ATI,US,2026-04-14,163.03,895200.0,163.03
ATI,US,2026-04-15,156.83,2291500.0,156.83
ATI,US,2026-04-16,155.83,1609700.0,155.83
ATI,US,2026-04-17,164.66,1782000.0,164.66
ATI,US,2026-04-20,164.06,1046500.0,164.06
ATI,US,2026-04-21,158.95,1798900.0,158.95
ATI,US,2026-04-22,153.3,2297000.0,153.3
ATI,US,2026-04-23,154.05,2729300.0,154.05
ATI,US,2026-04-24,154.26,2011300.0,154.26
ATI,US,2026-04-27,153.45,1227200.0,153.45
ATI,US,2026-04-28,151.7,1233700.0,151.7
ATI,US,2026-04-29,146.23,2908700.0,146.23
ATI,US,2026-04-30,155.46,2241200.0,155.46
ATI,US,2026-05-01,155.26,1465400.0,155.26
ATI,US,2026-05-04,153.89,1353400.0,153.89
ATI,US,2026-05-05,155.35,1268600.0,155.35
ATI,US,2026-05-06,165.08,2704100.0,165.08
ATI,US,2026-05-07,162.66,3406500.0,162.66
ATI,US,2026-05-08,158.39,2594300.0,158.39
ATI,US,2026-05-11,161.16,1397600.0,161.16
ATI,US,2026-05-12,161.01,1268700.0,161.01
ATI,US,2026-05-13,164.83,1987200.0,164.83
ATI,US,2026-05-14,162.57,1101500.0,162.57
ATI,US,2026-05-15,154.22,1369900.0,154.22
ATI,US,2026-05-18,149.62,1686000.0,149.62
ATI,US,2026-05-19,150.44,1749100.0,150.44
ATI,US,2026-05-20,153.73,1673700.0,153.73
ATI,US,2026-05-21,160.41,1561400.0,160.41
ATI,US,2026-05-22,162.29,1681700.0,162.29
ATI,US,2026-05-26,168.76,1910900.0,168.76
ATI,US,2026-05-27,169.84,1550400.0,169.84
ATI,US,2026-05-28,170.53,1030100.0,170.53
ATI,US,2026-05-29,175.16,3088800.0,175.16
ATI,US,2026-06-01,178.98,1788400.0,178.98
ATI,US,2026-06-02,178.48,1414400.0,178.48
ATI,US,2026-06-03,179.94,1724500.0,179.94
ATI,US,2026-06-04,181.1,1181100.0,181.1
ATI,US,2026-06-05,177.47,1274400.0,177.47
ATI,US,2026-06-08,180.14,957700.0,180.14
ATI,US,2026-06-09,187.13,2210300.0,187.13
ATI,US,2026-06-10,183.37,2222300.0,183.37
ATI,US,2026-06-11,199.5,2594800.0,199.5
ATI,US,2026-06-12,198.48,2787900.0,198.48
ATI,US,2026-06-15,195.81,1963100.0,195.81
ATI,US,2026-06-16,196.31,1551700.0,196.31
ATI,US,2026-06-17,196.86,1504100.0,196.86
ATI,US,2026-06-18,201.34,3100700.0,201.34
ATI,US,2026-06-22,204.09,1584200.0,204.09
ATI,US,2026-06-23,199.6,1646500.0,199.6
ATI,US,2026-06-24,197.59,1873400.0,197.59
ATI,US,2026-06-25,199.5,1639500.0,199.5
ATI,US,2026-06-26,197.4,5621600.0,197.4
ATI,US,2026-06-29,197.71,1479600.0,197.71
ATI,US,2026-06-30,197.1,1435500.0,197.1
